[0.216s] DEBUG:colcon:Command line arguments: ['/usr/bin/colcon', 'build']
[0.216s] DEBUG:colcon:Parsed command line arguments: Namespace(log_base=None, log_level=None, verb_name='build', build_base='build', install_base='install', merge_install=False, symlink_install=False, test_result_base=None, continue_on_error=False, executor='parallel', parallel_workers=8, event_handlers=None, ignore_user_meta=False, metas=['./colcon.meta'], base_paths=['.'], packages_ignore=None, packages_ignore_regex=None, paths=None, packages_up_to=None, packages_up_to_regex=None, packages_above=None, packages_above_and_dependencies=None, packages_above_depth=None, packages_select_by_dep=None, packages_skip_by_dep=None, packages_skip_up_to=None, packages_select_build_failed=False, packages_skip_build_finished=False, packages_select_test_failures=False, packages_skip_test_passed=False, packages_select=None, packages_skip=None, packages_select_regex=None, packages_skip_regex=None, packages_start=None, packages_end=None, allow_overriding=[], cmake_args=None, cmake_target=None, cmake_target_skip_unavailable=False, cmake_clean_cache=False, cmake_clean_first=False, cmake_force_configure=False, ament_cmake_args=None, catkin_cmake_args=None, catkin_skip_building_tests=False, verb_parser=<colcon_defaults.argument_parser.defaults.DefaultArgumentsDecorator object at 0x7131ba965330>, verb_extension=<colcon_core.verb.build.BuildVerb object at 0x7131baad99c0>, main=<bound method BuildVerb.main of <colcon_core.verb.build.BuildVerb object at 0x7131baad99c0>>)
[0.263s] Level 1:colcon.colcon_core.package_discovery:discover_packages(colcon_meta) check parameters
[0.263s] Level 1:colcon.colcon_core.package_discovery:discover_packages(recursive) check parameters
[0.263s] Level 1:colcon.colcon_core.package_discovery:discover_packages(ignore) check parameters
[0.263s] Level 1:colcon.colcon_core.package_discovery:discover_packages(path) check parameters
[0.263s] Level 1:colcon.colcon_core.package_discovery:discover_packages(colcon_meta) discover
[0.263s] Level 1:colcon.colcon_core.package_discovery:discover_packages(recursive) discover
[0.263s] INFO:colcon.colcon_core.package_discovery:Crawling recursively for packages in '/home/helloosy/250805/2025-kookmin-contest'
[0.263s] Level 1:colcon.colcon_core.package_identification:_identify(.) by extensions ['ignore', 'ignore_ament_install']
[0.264s] Level 1:colcon.colcon_core.package_identification:_identify(.) by extension 'ignore'
[0.264s] Level 1:colcon.colcon_core.package_identification:_identify(.) by extension 'ignore_ament_install'
[0.264s] Level 1:colcon.colcon_core.package_identification:_identify(.) by extensions ['colcon_pkg']
[0.264s] Level 1:colcon.colcon_core.package_identification:_identify(.) by extension 'colcon_pkg'
[0.264s] Level 1:colcon.colcon_core.package_identification:_identify(.) by extensions ['colcon_meta']
[0.264s] Level 1:colcon.colcon_core.package_identification:_identify(.) by extension 'colcon_meta'
[0.264s] Level 1:colcon.colcon_core.package_identification:_identify(.) by extensions ['ros']
[0.264s] Level 1:colcon.colcon_core.package_identification:_identify(.) by extension 'ros'
[0.282s] Level 1:colcon.colcon_core.package_identification:_identify(.) by extensions ['cmake', 'python']
[0.282s] Level 1:colcon.colcon_core.package_identification:_identify(.) by extension 'cmake'
[0.282s] Level 1:colcon.colcon_core.package_identification:_identify(.) by extension 'python'
[0.282s] Level 1:colcon.colcon_core.package_identification:_identify(.) by extensions ['python_setup_py']
[0.282s] Level 1:colcon.colcon_core.package_identification:_identify(.) by extension 'python_setup_py'
[0.282s] Level 1:colcon.colcon_core.package_identification:_identify(build) by extensions ['ignore', 'ignore_ament_install']
[0.282s] Level 1:colcon.colcon_core.package_identification:_identify(build) by extension 'ignore'
[0.282s] Level 1:colcon.colcon_core.package_identification:_identify(build) ignored
[0.282s] Level 1:colcon.colcon_core.package_identification:_identify(function) by extensions ['ignore', 'ignore_ament_install']
[0.282s] Level 1:colcon.colcon_core.package_identification:_identify(function) by extension 'ignore'
[0.283s] Level 1:colcon.colcon_core.package_identification:_identify(function) by extension 'ignore_ament_install'
[0.283s] Level 1:colcon.colcon_core.package_identification:_identify(function) by extensions ['colcon_pkg']
[0.283s] Level 1:colcon.colcon_core.package_identification:_identify(function) by extension 'colcon_pkg'
[0.283s] Level 1:colcon.colcon_core.package_identification:_identify(function) by extensions ['colcon_meta']
[0.283s] Level 1:colcon.colcon_core.package_identification:_identify(function) by extension 'colcon_meta'
[0.283s] Level 1:colcon.colcon_core.package_identification:_identify(function) by extensions ['ros']
[0.283s] Level 1:colcon.colcon_core.package_identification:_identify(function) by extension 'ros'
[0.283s] Level 1:colcon.colcon_core.package_identification:_identify(function) by extensions ['cmake', 'python']
[0.283s] Level 1:colcon.colcon_core.package_identification:_identify(function) by extension 'cmake'
[0.283s] Level 1:colcon.colcon_core.package_identification:_identify(function) by extension 'python'
[0.283s] Level 1:colcon.colcon_core.package_identification:_identify(function) by extensions ['python_setup_py']
[0.283s] Level 1:colcon.colcon_core.package_identification:_identify(function) by extension 'python_setup_py'
[0.283s] Level 1:colcon.colcon_core.package_identification:_identify(function/manual_drive) by extensions ['ignore', 'ignore_ament_install']
[0.283s] Level 1:colcon.colcon_core.package_identification:_identify(function/manual_drive) by extension 'ignore'
[0.283s] Level 1:colcon.colcon_core.package_identification:_identify(function/manual_drive) by extension 'ignore_ament_install'
[0.283s] Level 1:colcon.colcon_core.package_identification:_identify(function/manual_drive) by extensions ['colcon_pkg']
[0.284s] Level 1:colcon.colcon_core.package_identification:_identify(function/manual_drive) by extension 'colcon_pkg'
[0.284s] Level 1:colcon.colcon_core.package_identification:_identify(function/manual_drive) by extensions ['colcon_meta']
[0.284s] Level 1:colcon.colcon_core.package_identification:_identify(function/manual_drive) by extension 'colcon_meta'
[0.284s] Level 1:colcon.colcon_core.package_identification:_identify(function/manual_drive) by extensions ['ros']
[0.284s] Level 1:colcon.colcon_core.package_identification:_identify(function/manual_drive) by extension 'ros'
[0.288s] DEBUG:colcon.colcon_core.package_identification:Package 'function/manual_drive' with type 'ros.ament_python' and name 'manual_drive'
[0.288s] Level 1:colcon.colcon_core.package_identification:_identify(function/sensors_viewer) by extensions ['ignore', 'ignore_ament_install']
[0.288s] Level 1:colcon.colcon_core.package_identification:_identify(function/sensors_viewer) by extension 'ignore'
[0.288s] Level 1:colcon.colcon_core.package_identification:_identify(function/sensors_viewer) by extension 'ignore_ament_install'
[0.289s] Level 1:colcon.colcon_core.package_identification:_identify(function/sensors_viewer) by extensions ['colcon_pkg']
[0.289s] Level 1:colcon.colcon_core.package_identification:_identify(function/sensors_viewer) by extension 'colcon_pkg'
[0.289s] Level 1:colcon.colcon_core.package_identification:_identify(function/sensors_viewer) by extensions ['colcon_meta']
[0.289s] Level 1:colcon.colcon_core.package_identification:_identify(function/sensors_viewer) by extension 'colcon_meta'
[0.289s] Level 1:colcon.colcon_core.package_identification:_identify(function/sensors_viewer) by extensions ['ros']
[0.289s] Level 1:colcon.colcon_core.package_identification:_identify(function/sensors_viewer) by extension 'ros'
[0.289s] DEBUG:colcon.colcon_core.package_identification:Package 'function/sensors_viewer' with type 'ros.ament_cmake' and name 'sensors_viewer'
[0.289s] Level 1:colcon.colcon_core.package_identification:_identify(install) by extensions ['ignore', 'ignore_ament_install']
[0.289s] Level 1:colcon.colcon_core.package_identification:_identify(install) by extension 'ignore'
[0.290s] Level 1:colcon.colcon_core.package_identification:_identify(install) ignored
[0.290s] Level 1:colcon.colcon_core.package_identification:_identify(log) by extensions ['ignore', 'ignore_ament_install']
[0.290s] Level 1:colcon.colcon_core.package_identification:_identify(log) by extension 'ignore'
[0.290s] Level 1:colcon.colcon_core.package_identification:_identify(log) ignored
[0.290s] Level 1:colcon.colcon_core.package_identification:_identify(modular) by extensions ['ignore', 'ignore_ament_install']
[0.290s] Level 1:colcon.colcon_core.package_identification:_identify(modular) by extension 'ignore'
[0.290s] Level 1:colcon.colcon_core.package_identification:_identify(modular) by extension 'ignore_ament_install'
[0.290s] Level 1:colcon.colcon_core.package_identification:_identify(modular) by extensions ['colcon_pkg']
[0.290s] Level 1:colcon.colcon_core.package_identification:_identify(modular) by extension 'colcon_pkg'
[0.290s] Level 1:colcon.colcon_core.package_identification:_identify(modular) by extensions ['colcon_meta']
[0.290s] Level 1:colcon.colcon_core.package_identification:_identify(modular) by extension 'colcon_meta'
[0.290s] Level 1:colcon.colcon_core.package_identification:_identify(modular) by extensions ['ros']
[0.290s] Level 1:colcon.colcon_core.package_identification:_identify(modular) by extension 'ros'
[0.290s] Level 1:colcon.colcon_core.package_identification:_identify(modular) by extensions ['cmake', 'python']
[0.290s] Level 1:colcon.colcon_core.package_identification:_identify(modular) by extension 'cmake'
[0.290s] Level 1:colcon.colcon_core.package_identification:_identify(modular) by extension 'python'
[0.290s] Level 1:colcon.colcon_core.package_identification:_identify(modular) by extensions ['python_setup_py']
[0.291s] Level 1:colcon.colcon_core.package_identification:_identify(modular) by extension 'python_setup_py'
[0.291s] Level 1:colcon.colcon_core.package_identification:_identify(modular/control) by extensions ['ignore', 'ignore_ament_install']
[0.291s] Level 1:colcon.colcon_core.package_identification:_identify(modular/control) by extension 'ignore'
[0.291s] Level 1:colcon.colcon_core.package_identification:_identify(modular/control) by extension 'ignore_ament_install'
[0.291s] Level 1:colcon.colcon_core.package_identification:_identify(modular/control) by extensions ['colcon_pkg']
[0.291s] Level 1:colcon.colcon_core.package_identification:_identify(modular/control) by extension 'colcon_pkg'
[0.291s] Level 1:colcon.colcon_core.package_identification:_identify(modular/control) by extensions ['colcon_meta']
[0.291s] Level 1:colcon.colcon_core.package_identification:_identify(modular/control) by extension 'colcon_meta'
[0.291s] Level 1:colcon.colcon_core.package_identification:_identify(modular/control) by extensions ['ros']
[0.291s] Level 1:colcon.colcon_core.package_identification:_identify(modular/control) by extension 'ros'
[0.292s] DEBUG:colcon.colcon_core.package_identification:Package 'modular/control' with type 'ros.ament_cmake' and name 'control'
[0.292s] Level 1:colcon.colcon_core.package_identification:_identify(modular/image_resize) by extensions ['ignore', 'ignore_ament_install']
[0.292s] Level 1:colcon.colcon_core.package_identification:_identify(modular/image_resize) by extension 'ignore'
[0.292s] Level 1:colcon.colcon_core.package_identification:_identify(modular/image_resize) by extension 'ignore_ament_install'
[0.292s] Level 1:colcon.colcon_core.package_identification:_identify(modular/image_resize) by extensions ['colcon_pkg']
[0.292s] Level 1:colcon.colcon_core.package_identification:_identify(modular/image_resize) by extension 'colcon_pkg'
[0.292s] Level 1:colcon.colcon_core.package_identification:_identify(modular/image_resize) by extensions ['colcon_meta']
[0.292s] Level 1:colcon.colcon_core.package_identification:_identify(modular/image_resize) by extension 'colcon_meta'
[0.292s] Level 1:colcon.colcon_core.package_identification:_identify(modular/image_resize) by extensions ['ros']
[0.292s] Level 1:colcon.colcon_core.package_identification:_identify(modular/image_resize) by extension 'ros'
[0.293s] DEBUG:colcon.colcon_core.package_identification:Package 'modular/image_resize' with type 'ros.ament_cmake' and name 'image_resize'
[0.293s] Level 1:colcon.colcon_core.package_identification:_identify(modular/lane_detection) by extensions ['ignore', 'ignore_ament_install']
[0.293s] Level 1:colcon.colcon_core.package_identification:_identify(modular/lane_detection) by extension 'ignore'
[0.293s] Level 1:colcon.colcon_core.package_identification:_identify(modular/lane_detection) by extension 'ignore_ament_install'
[0.293s] Level 1:colcon.colcon_core.package_identification:_identify(modular/lane_detection) by extensions ['colcon_pkg']
[0.293s] Level 1:colcon.colcon_core.package_identification:_identify(modular/lane_detection) by extension 'colcon_pkg'
[0.293s] Level 1:colcon.colcon_core.package_identification:_identify(modular/lane_detection) by extensions ['colcon_meta']
[0.293s] Level 1:colcon.colcon_core.package_identification:_identify(modular/lane_detection) by extension 'colcon_meta'
[0.293s] Level 1:colcon.colcon_core.package_identification:_identify(modular/lane_detection) by extensions ['ros']
[0.293s] Level 1:colcon.colcon_core.package_identification:_identify(modular/lane_detection) by extension 'ros'
[0.294s] DEBUG:colcon.colcon_core.package_identification:Package 'modular/lane_detection' with type 'ros.ament_cmake' and name 'lane_detection'
[0.294s] Level 1:colcon.colcon_core.package_identification:_identify(modular/main) by extensions ['ignore', 'ignore_ament_install']
[0.294s] Level 1:colcon.colcon_core.package_identification:_identify(modular/main) by extension 'ignore'
[0.294s] Level 1:colcon.colcon_core.package_identification:_identify(modular/main) by extension 'ignore_ament_install'
[0.295s] Level 1:colcon.colcon_core.package_identification:_identify(modular/main) by extensions ['colcon_pkg']
[0.295s] Level 1:colcon.colcon_core.package_identification:_identify(modular/main) by extension 'colcon_pkg'
[0.295s] Level 1:colcon.colcon_core.package_identification:_identify(modular/main) by extensions ['colcon_meta']
[0.295s] Level 1:colcon.colcon_core.package_identification:_identify(modular/main) by extension 'colcon_meta'
[0.295s] Level 1:colcon.colcon_core.package_identification:_identify(modular/main) by extensions ['ros']
[0.295s] Level 1:colcon.colcon_core.package_identification:_identify(modular/main) by extension 'ros'
[0.295s] DEBUG:colcon.colcon_core.package_identification:Package 'modular/main' with type 'ros.ament_python' and name 'main'
[0.296s] Level 1:colcon.colcon_core.package_identification:_identify(modular/object_detection) by extensions ['ignore', 'ignore_ament_install']
[0.296s] Level 1:colcon.colcon_core.package_identification:_identify(modular/object_detection) by extension 'ignore'
[0.296s] Level 1:colcon.colcon_core.package_identification:_identify(modular/object_detection) by extension 'ignore_ament_install'
[0.296s] Level 1:colcon.colcon_core.package_identification:_identify(modular/object_detection) by extensions ['colcon_pkg']
[0.296s] Level 1:colcon.colcon_core.package_identification:_identify(modular/object_detection) by extension 'colcon_pkg'
[0.296s] Level 1:colcon.colcon_core.package_identification:_identify(modular/object_detection) by extensions ['colcon_meta']
[0.296s] Level 1:colcon.colcon_core.package_identification:_identify(modular/object_detection) by extension 'colcon_meta'
[0.296s] Level 1:colcon.colcon_core.package_identification:_identify(modular/object_detection) by extensions ['ros']
[0.296s] Level 1:colcon.colcon_core.package_identification:_identify(modular/object_detection) by extension 'ros'
[0.297s] DEBUG:colcon.colcon_core.package_identification:Package 'modular/object_detection' with type 'ros.ament_cmake' and name 'object_detection'
[0.297s] Level 1:colcon.colcon_core.package_identification:_identify(modular/rubbercone) by extensions ['ignore', 'ignore_ament_install']
[0.297s] Level 1:colcon.colcon_core.package_identification:_identify(modular/rubbercone) by extension 'ignore'
[0.297s] Level 1:colcon.colcon_core.package_identification:_identify(modular/rubbercone) by extension 'ignore_ament_install'
[0.297s] Level 1:colcon.colcon_core.package_identification:_identify(modular/rubbercone) by extensions ['colcon_pkg']
[0.297s] Level 1:colcon.colcon_core.package_identification:_identify(modular/rubbercone) by extension 'colcon_pkg'
[0.297s] Level 1:colcon.colcon_core.package_identification:_identify(modular/rubbercone) by extensions ['colcon_meta']
[0.297s] Level 1:colcon.colcon_core.package_identification:_identify(modular/rubbercone) by extension 'colcon_meta'
[0.297s] Level 1:colcon.colcon_core.package_identification:_identify(modular/rubbercone) by extensions ['ros']
[0.297s] Level 1:colcon.colcon_core.package_identification:_identify(modular/rubbercone) by extension 'ros'
[0.298s] DEBUG:colcon.colcon_core.package_identification:Package 'modular/rubbercone' with type 'ros.ament_cmake' and name 'rubbercone'
[0.298s] Level 1:colcon.colcon_core.package_identification:_identify(modular/traffic_light) by extensions ['ignore', 'ignore_ament_install']
[0.298s] Level 1:colcon.colcon_core.package_identification:_identify(modular/traffic_light) by extension 'ignore'
[0.298s] Level 1:colcon.colcon_core.package_identification:_identify(modular/traffic_light) by extension 'ignore_ament_install'
[0.298s] Level 1:colcon.colcon_core.package_identification:_identify(modular/traffic_light) by extensions ['colcon_pkg']
[0.298s] Level 1:colcon.colcon_core.package_identification:_identify(modular/traffic_light) by extension 'colcon_pkg'
[0.298s] Level 1:colcon.colcon_core.package_identification:_identify(modular/traffic_light) by extensions ['colcon_meta']
[0.298s] Level 1:colcon.colcon_core.package_identification:_identify(modular/traffic_light) by extension 'colcon_meta'
[0.298s] Level 1:colcon.colcon_core.package_identification:_identify(modular/traffic_light) by extensions ['ros']
[0.298s] Level 1:colcon.colcon_core.package_identification:_identify(modular/traffic_light) by extension 'ros'
[0.299s] DEBUG:colcon.colcon_core.package_identification:Package 'modular/traffic_light' with type 'ros.ament_cmake' and name 'traffic_light'
[0.299s] Level 1:colcon.colcon_core.package_identification:_identify(monolithic) by extensions ['ignore', 'ignore_ament_install']
[0.299s] Level 1:colcon.colcon_core.package_identification:_identify(monolithic) by extension 'ignore'
[0.299s] Level 1:colcon.colcon_core.package_identification:_identify(monolithic) by extension 'ignore_ament_install'
[0.299s] Level 1:colcon.colcon_core.package_identification:_identify(monolithic) by extensions ['colcon_pkg']
[0.299s] Level 1:colcon.colcon_core.package_identification:_identify(monolithic) by extension 'colcon_pkg'
[0.299s] Level 1:colcon.colcon_core.package_identification:_identify(monolithic) by extensions ['colcon_meta']
[0.299s] Level 1:colcon.colcon_core.package_identification:_identify(monolithic) by extension 'colcon_meta'
[0.300s] Level 1:colcon.colcon_core.package_identification:_identify(monolithic) by extensions ['ros']
[0.300s] Level 1:colcon.colcon_core.package_identification:_identify(monolithic) by extension 'ros'
[0.300s] Level 1:colcon.colcon_core.package_identification:_identify(monolithic) by extensions ['cmake', 'python']
[0.300s] Level 1:colcon.colcon_core.package_identification:_identify(monolithic) by extension 'cmake'
[0.300s] Level 1:colcon.colcon_core.package_identification:_identify(monolithic) by extension 'python'
[0.300s] Level 1:colcon.colcon_core.package_identification:_identify(monolithic) by extensions ['python_setup_py']
[0.300s] Level 1:colcon.colcon_core.package_identification:_identify(monolithic) by extension 'python_setup_py'
[0.300s] Level 1:colcon.colcon_core.package_identification:_identify(monolithic/auto_drive) by extensions ['ignore', 'ignore_ament_install']
[0.300s] Level 1:colcon.colcon_core.package_identification:_identify(monolithic/auto_drive) by extension 'ignore'
[0.300s] Level 1:colcon.colcon_core.package_identification:_identify(monolithic/auto_drive) by extension 'ignore_ament_install'
[0.300s] Level 1:colcon.colcon_core.package_identification:_identify(monolithic/auto_drive) by extensions ['colcon_pkg']
[0.300s] Level 1:colcon.colcon_core.package_identification:_identify(monolithic/auto_drive) by extension 'colcon_pkg'
[0.301s] Level 1:colcon.colcon_core.package_identification:_identify(monolithic/auto_drive) by extensions ['colcon_meta']
[0.301s] Level 1:colcon.colcon_core.package_identification:_identify(monolithic/auto_drive) by extension 'colcon_meta'
[0.301s] Level 1:colcon.colcon_core.package_identification:_identify(monolithic/auto_drive) by extensions ['ros']
[0.301s] Level 1:colcon.colcon_core.package_identification:_identify(monolithic/auto_drive) by extension 'ros'
[0.302s] DEBUG:colcon.colcon_core.package_identification:Package 'monolithic/auto_drive' with type 'ros.ament_cmake' and name 'auto_drive'
[0.303s] Level 1:colcon.colcon_core.package_discovery:discover_packages(recursive) using defaults
[0.303s] Level 1:colcon.colcon_core.package_discovery:discover_packages(ignore) discover
[0.303s] Level 1:colcon.colcon_core.package_discovery:discover_packages(ignore) using defaults
[0.303s] Level 1:colcon.colcon_core.package_discovery:discover_packages(path) discover
[0.303s] Level 1:colcon.colcon_core.package_discovery:discover_packages(path) using defaults
[0.325s] Level 1:colcon.colcon_core.package_discovery:discover_packages(prefix_path) check parameters
[0.325s] Level 1:colcon.colcon_core.package_discovery:discover_packages(prefix_path) discover
[0.327s] DEBUG:colcon.colcon_installed_package_information.package_discovery:Found 2 installed packages in /home/helloosy/hackathon_250712/install
[0.327s] DEBUG:colcon.colcon_installed_package_information.package_discovery:Found 3 installed packages in /home/helloosy/ros2_ws/install
[0.329s] DEBUG:colcon.colcon_installed_package_information.package_discovery:Found 292 installed packages in /opt/ros/humble
[0.331s] Level 1:colcon.colcon_core.package_discovery:discover_packages(prefix_path) using defaults
[0.375s] Level 5:colcon.colcon_core.verb:set package 'auto_drive' build argument 'cmake_args' from command line to 'None'
[0.376s] Level 5:colcon.colcon_core.verb:set package 'auto_drive' build argument 'cmake_target' from command line to 'None'
[0.376s] Level 5:colcon.colcon_core.verb:set package 'auto_drive' build argument 'cmake_target_skip_unavailable' from command line to 'False'
[0.376s] Level 5:colcon.colcon_core.verb:set package 'auto_drive' build argument 'cmake_clean_cache' from command line to 'False'
[0.376s] Level 5:colcon.colcon_core.verb:set package 'auto_drive' build argument 'cmake_clean_first' from command line to 'False'
[0.376s] Level 5:colcon.colcon_core.verb:set package 'auto_drive' build argument 'cmake_force_configure' from command line to 'False'
[0.376s] Level 5:colcon.colcon_core.verb:set package 'auto_drive' build argument 'ament_cmake_args' from command line to 'None'
[0.376s] Level 5:colcon.colcon_core.verb:set package 'auto_drive' build argument 'catkin_cmake_args' from command line to 'None'
[0.376s] Level 5:colcon.colcon_core.verb:set package 'auto_drive' build argument 'catkin_skip_building_tests' from command line to 'False'
[0.376s] DEBUG:colcon.colcon_core.verb:Building package 'auto_drive' with the following arguments: {'ament_cmake_args': None, 'build_base': '/home/helloosy/250805/2025-kookmin-contest/build/auto_drive', 'catkin_cmake_args': None, 'catkin_skip_building_tests': False, 'cmake_args': None, 'cmake_clean_cache': False, 'cmake_clean_first': False, 'cmake_force_configure': False, 'cmake_target': None, 'cmake_target_skip_unavailable': False, 'install_base': '/home/helloosy/250805/2025-kookmin-contest/install/auto_drive', 'merge_install': False, 'path': '/home/helloosy/250805/2025-kookmin-contest/monolithic/auto_drive', 'symlink_install': False, 'test_result_base': None}
[0.376s] Level 5:colcon.colcon_core.verb:set package 'control' build argument 'cmake_args' from command line to 'None'
[0.376s] Level 5:colcon.colcon_core.verb:set package 'control' build argument 'cmake_target' from command line to 'None'
[0.376s] Level 5:colcon.colcon_core.verb:set package 'control' build argument 'cmake_target_skip_unavailable' from command line to 'False'
[0.376s] Level 5:colcon.colcon_core.verb:set package 'control' build argument 'cmake_clean_cache' from command line to 'False'
[0.377s] Level 5:colcon.colcon_core.verb:set package 'control' build argument 'cmake_clean_first' from command line to 'False'
[0.377s] Level 5:colcon.colcon_core.verb:set package 'control' build argument 'cmake_force_configure' from command line to 'False'
[0.377s] Level 5:colcon.colcon_core.verb:set package 'control' build argument 'ament_cmake_args' from command line to 'None'
[0.377s] Level 5:colcon.colcon_core.verb:set package 'control' build argument 'catkin_cmake_args' from command line to 'None'
[0.377s] Level 5:colcon.colcon_core.verb:set package 'control' build argument 'catkin_skip_building_tests' from command line to 'False'
[0.377s] DEBUG:colcon.colcon_core.verb:Building package 'control' with the following arguments: {'ament_cmake_args': None, 'build_base': '/home/helloosy/250805/2025-kookmin-contest/build/control', 'catkin_cmake_args': None, 'catkin_skip_building_tests': False, 'cmake_args': None, 'cmake_clean_cache': False, 'cmake_clean_first': False, 'cmake_force_configure': False, 'cmake_target': None, 'cmake_target_skip_unavailable': False, 'install_base': '/home/helloosy/250805/2025-kookmin-contest/install/control', 'merge_install': False, 'path': '/home/helloosy/250805/2025-kookmin-contest/modular/control', 'symlink_install': False, 'test_result_base': None}
[0.377s] Level 5:colcon.colcon_core.verb:set package 'image_resize' build argument 'cmake_args' from command line to 'None'
[0.377s] Level 5:colcon.colcon_core.verb:set package 'image_resize' build argument 'cmake_target' from command line to 'None'
[0.377s] Level 5:colcon.colcon_core.verb:set package 'image_resize' build argument 'cmake_target_skip_unavailable' from command line to 'False'
[0.377s] Level 5:colcon.colcon_core.verb:set package 'image_resize' build argument 'cmake_clean_cache' from command line to 'False'
[0.377s] Level 5:colcon.colcon_core.verb:set package 'image_resize' build argument 'cmake_clean_first' from command line to 'False'
[0.377s] Level 5:colcon.colcon_core.verb:set package 'image_resize' build argument 'cmake_force_configure' from command line to 'False'
[0.377s] Level 5:colcon.colcon_core.verb:set package 'image_resize' build argument 'ament_cmake_args' from command line to 'None'
[0.377s] Level 5:colcon.colcon_core.verb:set package 'image_resize' build argument 'catkin_cmake_args' from command line to 'None'
[0.377s] Level 5:colcon.colcon_core.verb:set package 'image_resize' build argument 'catkin_skip_building_tests' from command line to 'False'
[0.377s] DEBUG:colcon.colcon_core.verb:Building package 'image_resize' with the following arguments: {'ament_cmake_args': None, 'build_base': '/home/helloosy/250805/2025-kookmin-contest/build/image_resize', 'catkin_cmake_args': None, 'catkin_skip_building_tests': False, 'cmake_args': None, 'cmake_clean_cache': False, 'cmake_clean_first': False, 'cmake_force_configure': False, 'cmake_target': None, 'cmake_target_skip_unavailable': False, 'install_base': '/home/helloosy/250805/2025-kookmin-contest/install/image_resize', 'merge_install': False, 'path': '/home/helloosy/250805/2025-kookmin-contest/modular/image_resize', 'symlink_install': False, 'test_result_base': None}
[0.377s] Level 5:colcon.colcon_core.verb:set package 'lane_detection' build argument 'cmake_args' from command line to 'None'
[0.378s] Level 5:colcon.colcon_core.verb:set package 'lane_detection' build argument 'cmake_target' from command line to 'None'
[0.378s] Level 5:colcon.colcon_core.verb:set package 'lane_detection' build argument 'cmake_target_skip_unavailable' from command line to 'False'
[0.378s] Level 5:colcon.colcon_core.verb:set package 'lane_detection' build argument 'cmake_clean_cache' from command line to 'False'
[0.378s] Level 5:colcon.colcon_core.verb:set package 'lane_detection' build argument 'cmake_clean_first' from command line to 'False'
[0.378s] Level 5:colcon.colcon_core.verb:set package 'lane_detection' build argument 'cmake_force_configure' from command line to 'False'
[0.378s] Level 5:colcon.colcon_core.verb:set package 'lane_detection' build argument 'ament_cmake_args' from command line to 'None'
[0.378s] Level 5:colcon.colcon_core.verb:set package 'lane_detection' build argument 'catkin_cmake_args' from command line to 'None'
[0.378s] Level 5:colcon.colcon_core.verb:set package 'lane_detection' build argument 'catkin_skip_building_tests' from command line to 'False'
[0.378s] DEBUG:colcon.colcon_core.verb:Building package 'lane_detection' with the following arguments: {'ament_cmake_args': None, 'build_base': '/home/helloosy/250805/2025-kookmin-contest/build/lane_detection', 'catkin_cmake_args': None, 'catkin_skip_building_tests': False, 'cmake_args': None, 'cmake_clean_cache': False, 'cmake_clean_first': False, 'cmake_force_configure': False, 'cmake_target': None, 'cmake_target_skip_unavailable': False, 'install_base': '/home/helloosy/250805/2025-kookmin-contest/install/lane_detection', 'merge_install': False, 'path': '/home/helloosy/250805/2025-kookmin-contest/modular/lane_detection', 'symlink_install': False, 'test_result_base': None}
[0.378s] Level 5:colcon.colcon_core.verb:set package 'main' build argument 'cmake_args' from command line to 'None'
[0.378s] Level 5:colcon.colcon_core.verb:set package 'main' build argument 'cmake_target' from command line to 'None'
[0.378s] Level 5:colcon.colcon_core.verb:set package 'main' build argument 'cmake_target_skip_unavailable' from command line to 'False'
[0.378s] Level 5:colcon.colcon_core.verb:set package 'main' build argument 'cmake_clean_cache' from command line to 'False'
[0.378s] Level 5:colcon.colcon_core.verb:set package 'main' build argument 'cmake_clean_first' from command line to 'False'
[0.378s] Level 5:colcon.colcon_core.verb:set package 'main' build argument 'cmake_force_configure' from command line to 'False'
[0.378s] Level 5:colcon.colcon_core.verb:set package 'main' build argument 'ament_cmake_args' from command line to 'None'
[0.378s] Level 5:colcon.colcon_core.verb:set package 'main' build argument 'catkin_cmake_args' from command line to 'None'
[0.378s] Level 5:colcon.colcon_core.verb:set package 'main' build argument 'catkin_skip_building_tests' from command line to 'False'
[0.378s] DEBUG:colcon.colcon_core.verb:Building package 'main' with the following arguments: {'ament_cmake_args': None, 'build_base': '/home/helloosy/250805/2025-kookmin-contest/build/main', 'catkin_cmake_args': None, 'catkin_skip_building_tests': False, 'cmake_args': None, 'cmake_clean_cache': False, 'cmake_clean_first': False, 'cmake_force_configure': False, 'cmake_target': None, 'cmake_target_skip_unavailable': False, 'install_base': '/home/helloosy/250805/2025-kookmin-contest/install/main', 'merge_install': False, 'path': '/home/helloosy/250805/2025-kookmin-contest/modular/main', 'symlink_install': False, 'test_result_base': None}
[0.379s] Level 5:colcon.colcon_core.verb:set package 'manual_drive' build argument 'cmake_args' from command line to 'None'
[0.379s] Level 5:colcon.colcon_core.verb:set package 'manual_drive' build argument 'cmake_target' from command line to 'None'
[0.379s] Level 5:colcon.colcon_core.verb:set package 'manual_drive' build argument 'cmake_target_skip_unavailable' from command line to 'False'
[0.379s] Level 5:colcon.colcon_core.verb:set package 'manual_drive' build argument 'cmake_clean_cache' from command line to 'False'
[0.379s] Level 5:colcon.colcon_core.verb:set package 'manual_drive' build argument 'cmake_clean_first' from command line to 'False'
[0.379s] Level 5:colcon.colcon_core.verb:set package 'manual_drive' build argument 'cmake_force_configure' from command line to 'False'
[0.379s] Level 5:colcon.colcon_core.verb:set package 'manual_drive' build argument 'ament_cmake_args' from command line to 'None'
[0.379s] Level 5:colcon.colcon_core.verb:set package 'manual_drive' build argument 'catkin_cmake_args' from command line to 'None'
[0.379s] Level 5:colcon.colcon_core.verb:set package 'manual_drive' build argument 'catkin_skip_building_tests' from command line to 'False'
[0.379s] DEBUG:colcon.colcon_core.verb:Building package 'manual_drive' with the following arguments: {'ament_cmake_args': None, 'build_base': '/home/helloosy/250805/2025-kookmin-contest/build/manual_drive', 'catkin_cmake_args': None, 'catkin_skip_building_tests': False, 'cmake_args': None, 'cmake_clean_cache': False, 'cmake_clean_first': False, 'cmake_force_configure': False, 'cmake_target': None, 'cmake_target_skip_unavailable': False, 'install_base': '/home/helloosy/250805/2025-kookmin-contest/install/manual_drive', 'merge_install': False, 'path': '/home/helloosy/250805/2025-kookmin-contest/function/manual_drive', 'symlink_install': False, 'test_result_base': None}
[0.379s] Level 5:colcon.colcon_core.verb:set package 'object_detection' build argument 'cmake_args' from command line to 'None'
[0.379s] Level 5:colcon.colcon_core.verb:set package 'object_detection' build argument 'cmake_target' from command line to 'None'
[0.379s] Level 5:colcon.colcon_core.verb:set package 'object_detection' build argument 'cmake_target_skip_unavailable' from command line to 'False'
[0.379s] Level 5:colcon.colcon_core.verb:set package 'object_detection' build argument 'cmake_clean_cache' from command line to 'False'
[0.379s] Level 5:colcon.colcon_core.verb:set package 'object_detection' build argument 'cmake_clean_first' from command line to 'False'
[0.379s] Level 5:colcon.colcon_core.verb:set package 'object_detection' build argument 'cmake_force_configure' from command line to 'False'
[0.379s] Level 5:colcon.colcon_core.verb:set package 'object_detection' build argument 'ament_cmake_args' from command line to 'None'
[0.379s] Level 5:colcon.colcon_core.verb:set package 'object_detection' build argument 'catkin_cmake_args' from command line to 'None'
[0.379s] Level 5:colcon.colcon_core.verb:set package 'object_detection' build argument 'catkin_skip_building_tests' from command line to 'False'
[0.379s] DEBUG:colcon.colcon_core.verb:Building package 'object_detection' with the following arguments: {'ament_cmake_args': None, 'build_base': '/home/helloosy/250805/2025-kookmin-contest/build/object_detection', 'catkin_cmake_args': None, 'catkin_skip_building_tests': False, 'cmake_args': None, 'cmake_clean_cache': False, 'cmake_clean_first': False, 'cmake_force_configure': False, 'cmake_target': None, 'cmake_target_skip_unavailable': False, 'install_base': '/home/helloosy/250805/2025-kookmin-contest/install/object_detection', 'merge_install': False, 'path': '/home/helloosy/250805/2025-kookmin-contest/modular/object_detection', 'symlink_install': False, 'test_result_base': None}
[0.380s] Level 5:colcon.colcon_core.verb:set package 'rubbercone' build argument 'cmake_args' from command line to 'None'
[0.380s] Level 5:colcon.colcon_core.verb:set package 'rubbercone' build argument 'cmake_target' from command line to 'None'
[0.380s] Level 5:colcon.colcon_core.verb:set package 'rubbercone' build argument 'cmake_target_skip_unavailable' from command line to 'False'
[0.380s] Level 5:colcon.colcon_core.verb:set package 'rubbercone' build argument 'cmake_clean_cache' from command line to 'False'
[0.380s] Level 5:colcon.colcon_core.verb:set package 'rubbercone' build argument 'cmake_clean_first' from command line to 'False'
[0.380s] Level 5:colcon.colcon_core.verb:set package 'rubbercone' build argument 'cmake_force_configure' from command line to 'False'
[0.380s] Level 5:colcon.colcon_core.verb:set package 'rubbercone' build argument 'ament_cmake_args' from command line to 'None'
[0.380s] Level 5:colcon.colcon_core.verb:set package 'rubbercone' build argument 'catkin_cmake_args' from command line to 'None'
[0.380s] Level 5:colcon.colcon_core.verb:set package 'rubbercone' build argument 'catkin_skip_building_tests' from command line to 'False'
[0.380s] DEBUG:colcon.colcon_core.verb:Building package 'rubbercone' with the following arguments: {'ament_cmake_args': None, 'build_base': '/home/helloosy/250805/2025-kookmin-contest/build/rubbercone', 'catkin_cmake_args': None, 'catkin_skip_building_tests': False, 'cmake_args': None, 'cmake_clean_cache': False, 'cmake_clean_first': False, 'cmake_force_configure': False, 'cmake_target': None, 'cmake_target_skip_unavailable': False, 'install_base': '/home/helloosy/250805/2025-kookmin-contest/install/rubbercone', 'merge_install': False, 'path': '/home/helloosy/250805/2025-kookmin-contest/modular/rubbercone', 'symlink_install': False, 'test_result_base': None}
[0.380s] Level 5:colcon.colcon_core.verb:set package 'sensors_viewer' build argument 'cmake_args' from command line to 'None'
[0.380s] Level 5:colcon.colcon_core.verb:set package 'sensors_viewer' build argument 'cmake_target' from command line to 'None'
[0.380s] Level 5:colcon.colcon_core.verb:set package 'sensors_viewer' build argument 'cmake_target_skip_unavailable' from command line to 'False'
[0.380s] Level 5:colcon.colcon_core.verb:set package 'sensors_viewer' build argument 'cmake_clean_cache' from command line to 'False'
[0.380s] Level 5:colcon.colcon_core.verb:set package 'sensors_viewer' build argument 'cmake_clean_first' from command line to 'False'
[0.380s] Level 5:colcon.colcon_core.verb:set package 'sensors_viewer' build argument 'cmake_force_configure' from command line to 'False'
[0.380s] Level 5:colcon.colcon_core.verb:set package 'sensors_viewer' build argument 'ament_cmake_args' from command line to 'None'
[0.380s] Level 5:colcon.colcon_core.verb:set package 'sensors_viewer' build argument 'catkin_cmake_args' from command line to 'None'
[0.380s] Level 5:colcon.colcon_core.verb:set package 'sensors_viewer' build argument 'catkin_skip_building_tests' from command line to 'False'
[0.380s] DEBUG:colcon.colcon_core.verb:Building package 'sensors_viewer' with the following arguments: {'ament_cmake_args': None, 'build_base': '/home/helloosy/250805/2025-kookmin-contest/build/sensors_viewer', 'catkin_cmake_args': None, 'catkin_skip_building_tests': False, 'cmake_args': None, 'cmake_clean_cache': False, 'cmake_clean_first': False, 'cmake_force_configure': False, 'cmake_target': None, 'cmake_target_skip_unavailable': False, 'install_base': '/home/helloosy/250805/2025-kookmin-contest/install/sensors_viewer', 'merge_install': False, 'path': '/home/helloosy/250805/2025-kookmin-contest/function/sensors_viewer', 'symlink_install': False, 'test_result_base': None}
[0.381s] Level 5:colcon.colcon_core.verb:set package 'traffic_light' build argument 'cmake_args' from command line to 'None'
[0.381s] Level 5:colcon.colcon_core.verb:set package 'traffic_light' build argument 'cmake_target' from command line to 'None'
[0.381s] Level 5:colcon.colcon_core.verb:set package 'traffic_light' build argument 'cmake_target_skip_unavailable' from command line to 'False'
[0.381s] Level 5:colcon.colcon_core.verb:set package 'traffic_light' build argument 'cmake_clean_cache' from command line to 'False'
[0.381s] Level 5:colcon.colcon_core.verb:set package 'traffic_light' build argument 'cmake_clean_first' from command line to 'False'
[0.381s] Level 5:colcon.colcon_core.verb:set package 'traffic_light' build argument 'cmake_force_configure' from command line to 'False'
[0.381s] Level 5:colcon.colcon_core.verb:set package 'traffic_light' build argument 'ament_cmake_args' from command line to 'None'
[0.381s] Level 5:colcon.colcon_core.verb:set package 'traffic_light' build argument 'catkin_cmake_args' from command line to 'None'
[0.381s] Level 5:colcon.colcon_core.verb:set package 'traffic_light' build argument 'catkin_skip_building_tests' from command line to 'False'
[0.381s] DEBUG:colcon.colcon_core.verb:Building package 'traffic_light' with the following arguments: {'ament_cmake_args': None, 'build_base': '/home/helloosy/250805/2025-kookmin-contest/build/traffic_light', 'catkin_cmake_args': None, 'catkin_skip_building_tests': False, 'cmake_args': None, 'cmake_clean_cache': False, 'cmake_clean_first': False, 'cmake_force_configure': False, 'cmake_target': None, 'cmake_target_skip_unavailable': False, 'install_base': '/home/helloosy/250805/2025-kookmin-contest/install/traffic_light', 'merge_install': False, 'path': '/home/helloosy/250805/2025-kookmin-contest/modular/traffic_light', 'symlink_install': False, 'test_result_base': None}
[0.381s] INFO:colcon.colcon_core.executor:Executing jobs using 'parallel' executor
[0.382s] DEBUG:colcon.colcon_parallel_executor.executor.parallel:run_until_complete
[0.383s] INFO:colcon.colcon_ros.task.ament_cmake.build:Building ROS package in '/home/helloosy/250805/2025-kookmin-contest/monolithic/auto_drive' with build type 'ament_cmake'
[0.383s] INFO:colcon.colcon_cmake.task.cmake.build:Building CMake package in '/home/helloosy/250805/2025-kookmin-contest/monolithic/auto_drive'
[0.387s] INFO:colcon.colcon_core.plugin_system:Skipping extension 'colcon_core.shell.bat': Not used on non-Windows systems
[0.387s] INFO:colcon.colcon_core.shell:Skip shell extension 'powershell' for command environment: Not usable outside of PowerShell
[0.387s] DEBUG:colcon.colcon_core.shell:Skip shell extension 'dsv' for command environment
[0.391s] INFO:colcon.colcon_ros.task.ament_cmake.build:Building ROS package in '/home/helloosy/250805/2025-kookmin-contest/modular/control' with build type 'ament_cmake'
[0.391s] INFO:colcon.colcon_cmake.task.cmake.build:Building CMake package in '/home/helloosy/250805/2025-kookmin-contest/modular/control'
[0.391s] INFO:colcon.colcon_core.shell:Skip shell extension 'powershell' for command environment: Not usable outside of PowerShell
[0.392s] DEBUG:colcon.colcon_core.shell:Skip shell extension 'dsv' for command environment
[0.396s] INFO:colcon.colcon_ros.task.ament_cmake.build:Building ROS package in '/home/helloosy/250805/2025-kookmin-contest/modular/image_resize' with build type 'ament_cmake'
[0.396s] INFO:colcon.colcon_cmake.task.cmake.build:Building CMake package in '/home/helloosy/250805/2025-kookmin-contest/modular/image_resize'
[0.396s] INFO:colcon.colcon_core.shell:Skip shell extension 'powershell' for command environment: Not usable outside of PowerShell
[0.396s] DEBUG:colcon.colcon_core.shell:Skip shell extension 'dsv' for command environment
[0.403s] INFO:colcon.colcon_ros.task.ament_cmake.build:Building ROS package in '/home/helloosy/250805/2025-kookmin-contest/modular/lane_detection' with build type 'ament_cmake'
[0.403s] INFO:colcon.colcon_cmake.task.cmake.build:Building CMake package in '/home/helloosy/250805/2025-kookmin-contest/modular/lane_detection'
[0.403s] INFO:colcon.colcon_core.shell:Skip shell extension 'powershell' for command environment: Not usable outside of PowerShell
[0.404s] DEBUG:colcon.colcon_core.shell:Skip shell extension 'dsv' for command environment
[0.408s] INFO:colcon.colcon_ros.task.ament_python.build:Building ROS package in '/home/helloosy/250805/2025-kookmin-contest/modular/main' with build type 'ament_python'
[0.408s] Level 1:colcon.colcon_core.shell:create_environment_hook('main', 'ament_prefix_path')
[0.409s] INFO:colcon.colcon_core.shell:Creating environment hook '/home/helloosy/250805/2025-kookmin-contest/install/main/share/main/hook/ament_prefix_path.ps1'
[0.411s] INFO:colcon.colcon_core.shell:Creating environment descriptor '/home/helloosy/250805/2025-kookmin-contest/install/main/share/main/hook/ament_prefix_path.dsv'
[0.412s] INFO:colcon.colcon_core.shell:Creating environment hook '/home/helloosy/250805/2025-kookmin-contest/install/main/share/main/hook/ament_prefix_path.sh'
[0.414s] INFO:colcon.colcon_core.shell:Skip shell extension 'powershell' for command environment: Not usable outside of PowerShell
[0.414s] DEBUG:colcon.colcon_core.shell:Skip shell extension 'dsv' for command environment
[0.418s] INFO:colcon.colcon_ros.task.ament_python.build:Building ROS package in '/home/helloosy/250805/2025-kookmin-contest/function/manual_drive' with build type 'ament_python'
[0.419s] Level 1:colcon.colcon_core.shell:create_environment_hook('manual_drive', 'ament_prefix_path')
[0.419s] INFO:colcon.colcon_core.shell:Creating environment hook '/home/helloosy/250805/2025-kookmin-contest/install/manual_drive/share/manual_drive/hook/ament_prefix_path.ps1'
[0.421s] INFO:colcon.colcon_core.shell:Creating environment descriptor '/home/helloosy/250805/2025-kookmin-contest/install/manual_drive/share/manual_drive/hook/ament_prefix_path.dsv'
[0.422s] INFO:colcon.colcon_core.shell:Creating environment hook '/home/helloosy/250805/2025-kookmin-contest/install/manual_drive/share/manual_drive/hook/ament_prefix_path.sh'
[0.422s] INFO:colcon.colcon_core.shell:Skip shell extension 'powershell' for command environment: Not usable outside of PowerShell
[0.422s] DEBUG:colcon.colcon_core.shell:Skip shell extension 'dsv' for command environment
[0.433s] INFO:colcon.colcon_ros.task.ament_cmake.build:Building ROS package in '/home/helloosy/250805/2025-kookmin-contest/modular/object_detection' with build type 'ament_cmake'
[0.433s] INFO:colcon.colcon_cmake.task.cmake.build:Building CMake package in '/home/helloosy/250805/2025-kookmin-contest/modular/object_detection'
[0.434s] INFO:colcon.colcon_core.shell:Skip shell extension 'powershell' for command environment: Not usable outside of PowerShell
[0.434s] DEBUG:colcon.colcon_core.shell:Skip shell extension 'dsv' for command environment
[0.440s] INFO:colcon.colcon_ros.task.ament_cmake.build:Building ROS package in '/home/helloosy/250805/2025-kookmin-contest/modular/rubbercone' with build type 'ament_cmake'
[0.441s] INFO:colcon.colcon_cmake.task.cmake.build:Building CMake package in '/home/helloosy/250805/2025-kookmin-contest/modular/rubbercone'
[0.442s] INFO:colcon.colcon_core.shell:Skip shell extension 'powershell' for command environment: Not usable outside of PowerShell
[0.443s] DEBUG:colcon.colcon_core.shell:Skip shell extension 'dsv' for command environment
[0.461s] DEBUG:colcon.colcon_core.event_handler.log_command:Invoking command in '/home/helloosy/250805/2025-kookmin-contest/build/auto_drive': CMAKE_PREFIX_PATH=${CMAKE_PREFIX_PATH}:/home/helloosy/hackathon_250712/install/usb_cam_250712:/home/helloosy/hackathon_250712/install/line_detection:/home/helloosy/ros2_ws/install/mjpeg_publisher:/home/helloosy/ros2_ws/install/apriltag_marker_publisher:/opt/ros/humble /usr/bin/cmake /home/helloosy/250805/2025-kookmin-contest/monolithic/auto_drive -DCMAKE_INSTALL_PREFIX=/home/helloosy/250805/2025-kookmin-contest/install/auto_drive
[0.467s] DEBUG:colcon.colcon_core.event_handler.log_command:Invoking command in '/home/helloosy/250805/2025-kookmin-contest/build/control': CMAKE_PREFIX_PATH=${CMAKE_PREFIX_PATH}:/home/helloosy/hackathon_250712/install/usb_cam_250712:/home/helloosy/hackathon_250712/install/line_detection:/home/helloosy/ros2_ws/install/mjpeg_publisher:/home/helloosy/ros2_ws/install/apriltag_marker_publisher:/opt/ros/humble /usr/bin/cmake /home/helloosy/250805/2025-kookmin-contest/modular/control -DCMAKE_INSTALL_PREFIX=/home/helloosy/250805/2025-kookmin-contest/install/control
[0.472s] DEBUG:colcon.colcon_core.event_handler.log_command:Invoking command in '/home/helloosy/250805/2025-kookmin-contest/build/image_resize': CMAKE_PREFIX_PATH=${CMAKE_PREFIX_PATH}:/home/helloosy/hackathon_250712/install/usb_cam_250712:/home/helloosy/hackathon_250712/install/line_detection:/home/helloosy/ros2_ws/install/mjpeg_publisher:/home/helloosy/ros2_ws/install/apriltag_marker_publisher:/opt/ros/humble /usr/bin/cmake /home/helloosy/250805/2025-kookmin-contest/modular/image_resize -DCMAKE_INSTALL_PREFIX=/home/helloosy/250805/2025-kookmin-contest/install/image_resize
[0.476s] DEBUG:colcon.colcon_core.event_handler.log_command:Invoking command in '/home/helloosy/250805/2025-kookmin-contest/build/lane_detection': CMAKE_PREFIX_PATH=${CMAKE_PREFIX_PATH}:/home/helloosy/hackathon_250712/install/usb_cam_250712:/home/helloosy/hackathon_250712/install/line_detection:/home/helloosy/ros2_ws/install/mjpeg_publisher:/home/helloosy/ros2_ws/install/apriltag_marker_publisher:/opt/ros/humble /usr/bin/cmake /home/helloosy/250805/2025-kookmin-contest/modular/lane_detection -DCMAKE_INSTALL_PREFIX=/home/helloosy/250805/2025-kookmin-contest/install/lane_detection
[0.785s] INFO:colcon.colcon_core.task.python.build:Building Python package in '/home/helloosy/250805/2025-kookmin-contest/modular/main'
[0.785s] INFO:colcon.colcon_core.shell:Skip shell extension 'powershell' for command environment: Not usable outside of PowerShell
[0.785s] DEBUG:colcon.colcon_core.shell:Skip shell extension 'dsv' for command environment
[1.156s] INFO:colcon.colcon_core.task.python.build:Building Python package in '/home/helloosy/250805/2025-kookmin-contest/function/manual_drive'
[1.157s] INFO:colcon.colcon_core.shell:Skip shell extension 'powershell' for command environment: Not usable outside of PowerShell
[1.157s] DEBUG:colcon.colcon_core.shell:Skip shell extension 'dsv' for command environment
[1.171s] DEBUG:colcon.colcon_core.event_handler.log_command:Invoking command in '/home/helloosy/250805/2025-kookmin-contest/build/object_detection': CMAKE_PREFIX_PATH=${CMAKE_PREFIX_PATH}:/home/helloosy/hackathon_250712/install/usb_cam_250712:/home/helloosy/hackathon_250712/install/line_detection:/home/helloosy/ros2_ws/install/mjpeg_publisher:/home/helloosy/ros2_ws/install/apriltag_marker_publisher:/opt/ros/humble /usr/bin/cmake /home/helloosy/250805/2025-kookmin-contest/modular/object_detection -DCMAKE_INSTALL_PREFIX=/home/helloosy/250805/2025-kookmin-contest/install/object_detection
[1.181s] DEBUG:colcon.colcon_core.event_handler.log_command:Invoking command in '/home/helloosy/250805/2025-kookmin-contest/build/rubbercone': CMAKE_PREFIX_PATH=${CMAKE_PREFIX_PATH}:/home/helloosy/hackathon_250712/install/usb_cam_250712:/home/helloosy/hackathon_250712/install/line_detection:/home/helloosy/ros2_ws/install/mjpeg_publisher:/home/helloosy/ros2_ws/install/apriltag_marker_publisher:/opt/ros/humble /usr/bin/cmake /home/helloosy/250805/2025-kookmin-contest/modular/rubbercone -DCMAKE_INSTALL_PREFIX=/home/helloosy/250805/2025-kookmin-contest/install/rubbercone
[2.077s] DEBUG:colcon.colcon_core.event_handler.log_command:Invoking command in '/home/helloosy/250805/2025-kookmin-contest/modular/main': PYTHONPATH=/home/helloosy/250805/2025-kookmin-contest/build/main/prefix_override:/usr/lib/python3/dist-packages/colcon_core/task/python/colcon_distutils_commands:/home/helloosy/250805/2025-kookmin-contest/install/main/lib/python3.10/site-packages:${PYTHONPATH} /usr/bin/python3 -W ignore:setup.py install is deprecated -W ignore:easy_install command is deprecated setup.py egg_info --egg-base ../../build/main build --build-base /home/helloosy/250805/2025-kookmin-contest/build/main/build install --record /home/helloosy/250805/2025-kookmin-contest/build/main/install.log --single-version-externally-managed install_data
[2.099s] DEBUG:colcon.colcon_core.event_handler.log_command:Invoking command in '/home/helloosy/250805/2025-kookmin-contest/function/manual_drive': PYTHONPATH=/home/helloosy/250805/2025-kookmin-contest/build/manual_drive/prefix_override:/usr/lib/python3/dist-packages/colcon_core/task/python/colcon_distutils_commands:/home/helloosy/250805/2025-kookmin-contest/install/manual_drive/lib/python3.10/site-packages:${PYTHONPATH} /usr/bin/python3 -W ignore:setup.py install is deprecated -W ignore:easy_install command is deprecated setup.py egg_info --egg-base ../../build/manual_drive build --build-base /home/helloosy/250805/2025-kookmin-contest/build/manual_drive/build install --record /home/helloosy/250805/2025-kookmin-contest/build/manual_drive/install.log --single-version-externally-managed install_data
[8.481s] DEBUG:colcon.colcon_core.event_handler.log_command:Invoked command in '/home/helloosy/250805/2025-kookmin-contest/build/auto_drive' returned '0': CMAKE_PREFIX_PATH=${CMAKE_PREFIX_PATH}:/home/helloosy/hackathon_250712/install/usb_cam_250712:/home/helloosy/hackathon_250712/install/line_detection:/home/helloosy/ros2_ws/install/mjpeg_publisher:/home/helloosy/ros2_ws/install/apriltag_marker_publisher:/opt/ros/humble /usr/bin/cmake /home/helloosy/250805/2025-kookmin-contest/monolithic/auto_drive -DCMAKE_INSTALL_PREFIX=/home/helloosy/250805/2025-kookmin-contest/install/auto_drive
[8.508s] DEBUG:colcon.colcon_core.event_handler.log_command:Invoking command in '/home/helloosy/250805/2025-kookmin-contest/build/auto_drive': CMAKE_PREFIX_PATH=${CMAKE_PREFIX_PATH}:/home/helloosy/hackathon_250712/install/usb_cam_250712:/home/helloosy/hackathon_250712/install/line_detection:/home/helloosy/ros2_ws/install/mjpeg_publisher:/home/helloosy/ros2_ws/install/apriltag_marker_publisher:/opt/ros/humble /usr/bin/cmake --build /home/helloosy/250805/2025-kookmin-contest/build/auto_drive -- -j8 -l8
[8.509s] DEBUG:colcon.colcon_core.event_handler.log_command:Invoked command in '/home/helloosy/250805/2025-kookmin-contest/modular/main' returned '0': PYTHONPATH=/home/helloosy/250805/2025-kookmin-contest/build/main/prefix_override:/usr/lib/python3/dist-packages/colcon_core/task/python/colcon_distutils_commands:/home/helloosy/250805/2025-kookmin-contest/install/main/lib/python3.10/site-packages:${PYTHONPATH} /usr/bin/python3 -W ignore:setup.py install is deprecated -W ignore:easy_install command is deprecated setup.py egg_info --egg-base ../../build/main build --build-base /home/helloosy/250805/2025-kookmin-contest/build/main/build install --record /home/helloosy/250805/2025-kookmin-contest/build/main/install.log --single-version-externally-managed install_data
[8.511s] Level 1:colcon.colcon_core.environment:checking '/home/helloosy/250805/2025-kookmin-contest/install/main' for CMake module files
[8.512s] Level 1:colcon.colcon_core.environment:checking '/home/helloosy/250805/2025-kookmin-contest/install/main' for CMake config files
[8.512s] Level 1:colcon.colcon_core.environment:checking '/home/helloosy/250805/2025-kookmin-contest/install/main/lib'
[8.513s] Level 1:colcon.colcon_core.environment:checking '/home/helloosy/250805/2025-kookmin-contest/install/main/bin'
[8.513s] Level 1:colcon.colcon_core.environment:checking '/home/helloosy/250805/2025-kookmin-contest/install/main/lib/pkgconfig/main.pc'
[8.513s] Level 1:colcon.colcon_core.environment:checking '/home/helloosy/250805/2025-kookmin-contest/install/main/lib/python3.10/site-packages'
[8.513s] Level 1:colcon.colcon_core.shell:create_environment_hook('main', 'pythonpath')
[8.513s] INFO:colcon.colcon_core.shell:Creating environment hook '/home/helloosy/250805/2025-kookmin-contest/install/main/share/main/hook/pythonpath.ps1'
[8.514s] INFO:colcon.colcon_core.shell:Creating environment descriptor '/home/helloosy/250805/2025-kookmin-contest/install/main/share/main/hook/pythonpath.dsv'
[8.514s] INFO:colcon.colcon_core.shell:Creating environment hook '/home/helloosy/250805/2025-kookmin-contest/install/main/share/main/hook/pythonpath.sh'
[8.515s] Level 1:colcon.colcon_core.environment:checking '/home/helloosy/250805/2025-kookmin-contest/install/main/bin'
[8.515s] Level 1:colcon.colcon_core.environment:create_environment_scripts_only(main)
[8.515s] INFO:colcon.colcon_core.shell:Creating package script '/home/helloosy/250805/2025-kookmin-contest/install/main/share/main/package.ps1'
[8.517s] INFO:colcon.colcon_core.shell:Creating package descriptor '/home/helloosy/250805/2025-kookmin-contest/install/main/share/main/package.dsv'
[8.518s] INFO:colcon.colcon_core.shell:Creating package script '/home/helloosy/250805/2025-kookmin-contest/install/main/share/main/package.sh'
[8.520s] INFO:colcon.colcon_core.shell:Creating package script '/home/helloosy/250805/2025-kookmin-contest/install/main/share/main/package.bash'
[8.523s] INFO:colcon.colcon_core.shell:Creating package script '/home/helloosy/250805/2025-kookmin-contest/install/main/share/main/package.zsh'
[8.524s] Level 1:colcon.colcon_core.environment:create_file_with_runtime_dependencies(/home/helloosy/250805/2025-kookmin-contest/install/main/share/colcon-core/packages/main)
[8.527s] Level 1:colcon.colcon_core.environment:checking '/home/helloosy/250805/2025-kookmin-contest/install/manual_drive' for CMake module files
[8.529s] Level 1:colcon.colcon_core.environment:checking '/home/helloosy/250805/2025-kookmin-contest/install/manual_drive' for CMake config files
[8.530s] DEBUG:colcon.colcon_core.event_handler.log_command:Invoked command in '/home/helloosy/250805/2025-kookmin-contest/function/manual_drive' returned '0': PYTHONPATH=/home/helloosy/250805/2025-kookmin-contest/build/manual_drive/prefix_override:/usr/lib/python3/dist-packages/colcon_core/task/python/colcon_distutils_commands:/home/helloosy/250805/2025-kookmin-contest/install/manual_drive/lib/python3.10/site-packages:${PYTHONPATH} /usr/bin/python3 -W ignore:setup.py install is deprecated -W ignore:easy_install command is deprecated setup.py egg_info --egg-base ../../build/manual_drive build --build-base /home/helloosy/250805/2025-kookmin-contest/build/manual_drive/build install --record /home/helloosy/250805/2025-kookmin-contest/build/manual_drive/install.log --single-version-externally-managed install_data
[8.531s] Level 1:colcon.colcon_core.environment:checking '/home/helloosy/250805/2025-kookmin-contest/install/manual_drive/lib'
[8.532s] Level 1:colcon.colcon_core.environment:checking '/home/helloosy/250805/2025-kookmin-contest/install/manual_drive/bin'
[8.532s] Level 1:colcon.colcon_core.environment:checking '/home/helloosy/250805/2025-kookmin-contest/install/manual_drive/lib/pkgconfig/manual_drive.pc'
[8.532s] Level 1:colcon.colcon_core.environment:checking '/home/helloosy/250805/2025-kookmin-contest/install/manual_drive/lib/python3.10/site-packages'
[8.533s] Level 1:colcon.colcon_core.shell:create_environment_hook('manual_drive', 'pythonpath')
[8.533s] INFO:colcon.colcon_core.shell:Creating environment hook '/home/helloosy/250805/2025-kookmin-contest/install/manual_drive/share/manual_drive/hook/pythonpath.ps1'
[8.534s] INFO:colcon.colcon_core.shell:Creating environment descriptor '/home/helloosy/250805/2025-kookmin-contest/install/manual_drive/share/manual_drive/hook/pythonpath.dsv'
[8.535s] INFO:colcon.colcon_core.shell:Creating environment hook '/home/helloosy/250805/2025-kookmin-contest/install/manual_drive/share/manual_drive/hook/pythonpath.sh'
[8.536s] Level 1:colcon.colcon_core.environment:checking '/home/helloosy/250805/2025-kookmin-contest/install/manual_drive/bin'
[8.536s] Level 1:colcon.colcon_core.environment:create_environment_scripts_only(manual_drive)
[8.537s] INFO:colcon.colcon_core.shell:Creating package script '/home/helloosy/250805/2025-kookmin-contest/install/manual_drive/share/manual_drive/package.ps1'
[8.538s] INFO:colcon.colcon_core.shell:Creating package descriptor '/home/helloosy/250805/2025-kookmin-contest/install/manual_drive/share/manual_drive/package.dsv'
[8.539s] INFO:colcon.colcon_core.shell:Creating package script '/home/helloosy/250805/2025-kookmin-contest/install/manual_drive/share/manual_drive/package.sh'
[8.540s] INFO:colcon.colcon_core.shell:Creating package script '/home/helloosy/250805/2025-kookmin-contest/install/manual_drive/share/manual_drive/package.bash'
[8.540s] INFO:colcon.colcon_core.shell:Creating package script '/home/helloosy/250805/2025-kookmin-contest/install/manual_drive/share/manual_drive/package.zsh'
[8.541s] Level 1:colcon.colcon_core.environment:create_file_with_runtime_dependencies(/home/helloosy/250805/2025-kookmin-contest/install/manual_drive/share/colcon-core/packages/manual_drive)
[8.545s] INFO:colcon.colcon_ros.task.ament_cmake.build:Building ROS package in '/home/helloosy/250805/2025-kookmin-contest/function/sensors_viewer' with build type 'ament_cmake'
[8.546s] INFO:colcon.colcon_cmake.task.cmake.build:Building CMake package in '/home/helloosy/250805/2025-kookmin-contest/function/sensors_viewer'
[8.546s] INFO:colcon.colcon_core.shell:Skip shell extension 'powershell' for command environment: Not usable outside of PowerShell
[8.547s] DEBUG:colcon.colcon_core.shell:Skip shell extension 'dsv' for command environment
[8.557s] INFO:colcon.colcon_ros.task.ament_cmake.build:Building ROS package in '/home/helloosy/250805/2025-kookmin-contest/modular/traffic_light' with build type 'ament_cmake'
[8.558s] INFO:colcon.colcon_cmake.task.cmake.build:Building CMake package in '/home/helloosy/250805/2025-kookmin-contest/modular/traffic_light'
[8.559s] INFO:colcon.colcon_core.shell:Skip shell extension 'powershell' for command environment: Not usable outside of PowerShell
[8.559s] DEBUG:colcon.colcon_core.shell:Skip shell extension 'dsv' for command environment
[8.584s] DEBUG:colcon.colcon_core.event_handler.log_command:Invoking command in '/home/helloosy/250805/2025-kookmin-contest/build/sensors_viewer': CMAKE_PREFIX_PATH=${CMAKE_PREFIX_PATH}:/home/helloosy/hackathon_250712/install/usb_cam_250712:/home/helloosy/hackathon_250712/install/line_detection:/home/helloosy/ros2_ws/install/mjpeg_publisher:/home/helloosy/ros2_ws/install/apriltag_marker_publisher:/opt/ros/humble /usr/bin/cmake /home/helloosy/250805/2025-kookmin-contest/function/sensors_viewer -DCMAKE_INSTALL_PREFIX=/home/helloosy/250805/2025-kookmin-contest/install/sensors_viewer
[8.590s] DEBUG:colcon.colcon_core.event_handler.log_command:Invoking command in '/home/helloosy/250805/2025-kookmin-contest/build/traffic_light': CMAKE_PREFIX_PATH=${CMAKE_PREFIX_PATH}:/home/helloosy/hackathon_250712/install/usb_cam_250712:/home/helloosy/hackathon_250712/install/line_detection:/home/helloosy/ros2_ws/install/mjpeg_publisher:/home/helloosy/ros2_ws/install/apriltag_marker_publisher:/opt/ros/humble /usr/bin/cmake /home/helloosy/250805/2025-kookmin-contest/modular/traffic_light -DCMAKE_INSTALL_PREFIX=/home/helloosy/250805/2025-kookmin-contest/install/traffic_light
[9.964s] DEBUG:colcon.colcon_core.event_handler.log_command:Invoked command in '/home/helloosy/250805/2025-kookmin-contest/build/image_resize' returned '0': CMAKE_PREFIX_PATH=${CMAKE_PREFIX_PATH}:/home/helloosy/hackathon_250712/install/usb_cam_250712:/home/helloosy/hackathon_250712/install/line_detection:/home/helloosy/ros2_ws/install/mjpeg_publisher:/home/helloosy/ros2_ws/install/apriltag_marker_publisher:/opt/ros/humble /usr/bin/cmake /home/helloosy/250805/2025-kookmin-contest/modular/image_resize -DCMAKE_INSTALL_PREFIX=/home/helloosy/250805/2025-kookmin-contest/install/image_resize
[9.970s] DEBUG:colcon.colcon_core.event_handler.log_command:Invoking command in '/home/helloosy/250805/2025-kookmin-contest/build/image_resize': CMAKE_PREFIX_PATH=${CMAKE_PREFIX_PATH}:/home/helloosy/hackathon_250712/install/usb_cam_250712:/home/helloosy/hackathon_250712/install/line_detection:/home/helloosy/ros2_ws/install/mjpeg_publisher:/home/helloosy/ros2_ws/install/apriltag_marker_publisher:/opt/ros/humble /usr/bin/cmake --build /home/helloosy/250805/2025-kookmin-contest/build/image_resize -- -j8 -l8
[9.971s] DEBUG:colcon.colcon_core.event_handler.log_command:Invoked command in '/home/helloosy/250805/2025-kookmin-contest/build/auto_drive' returned '0': CMAKE_PREFIX_PATH=${CMAKE_PREFIX_PATH}:/home/helloosy/hackathon_250712/install/usb_cam_250712:/home/helloosy/hackathon_250712/install/line_detection:/home/helloosy/ros2_ws/install/mjpeg_publisher:/home/helloosy/ros2_ws/install/apriltag_marker_publisher:/opt/ros/humble /usr/bin/cmake --build /home/helloosy/250805/2025-kookmin-contest/build/auto_drive -- -j8 -l8
[9.986s] DEBUG:colcon.colcon_core.event_handler.log_command:Invoking command in '/home/helloosy/250805/2025-kookmin-contest/build/auto_drive': CMAKE_PREFIX_PATH=${CMAKE_PREFIX_PATH}:/home/helloosy/hackathon_250712/install/usb_cam_250712:/home/helloosy/hackathon_250712/install/line_detection:/home/helloosy/ros2_ws/install/mjpeg_publisher:/home/helloosy/ros2_ws/install/apriltag_marker_publisher:/opt/ros/humble /usr/bin/cmake --install /home/helloosy/250805/2025-kookmin-contest/build/auto_drive
[10.161s] DEBUG:colcon.colcon_core.event_handler.log_command:Invoked command in '/home/helloosy/250805/2025-kookmin-contest/build/lane_detection' returned '0': CMAKE_PREFIX_PATH=${CMAKE_PREFIX_PATH}:/home/helloosy/hackathon_250712/install/usb_cam_250712:/home/helloosy/hackathon_250712/install/line_detection:/home/helloosy/ros2_ws/install/mjpeg_publisher:/home/helloosy/ros2_ws/install/apriltag_marker_publisher:/opt/ros/humble /usr/bin/cmake /home/helloosy/250805/2025-kookmin-contest/modular/lane_detection -DCMAKE_INSTALL_PREFIX=/home/helloosy/250805/2025-kookmin-contest/install/lane_detection
[10.163s] DEBUG:colcon.colcon_core.event_handler.log_command:Invoking command in '/home/helloosy/250805/2025-kookmin-contest/build/lane_detection': CMAKE_PREFIX_PATH=${CMAKE_PREFIX_PATH}:/home/helloosy/hackathon_250712/install/usb_cam_250712:/home/helloosy/hackathon_250712/install/line_detection:/home/helloosy/ros2_ws/install/mjpeg_publisher:/home/helloosy/ros2_ws/install/apriltag_marker_publisher:/opt/ros/humble /usr/bin/cmake --build /home/helloosy/250805/2025-kookmin-contest/build/lane_detection -- -j8 -l8
[10.549s] Level 1:colcon.colcon_core.environment:create_environment_scripts_only(auto_drive)
[10.550s] Level 1:colcon.colcon_core.environment:checking '/home/helloosy/250805/2025-kookmin-contest/install/auto_drive' for CMake module files
[10.557s] DEBUG:colcon.colcon_core.event_handler.log_command:Invoked command in '/home/helloosy/250805/2025-kookmin-contest/build/auto_drive' returned '0': CMAKE_PREFIX_PATH=${CMAKE_PREFIX_PATH}:/home/helloosy/hackathon_250712/install/usb_cam_250712:/home/helloosy/hackathon_250712/install/line_detection:/home/helloosy/ros2_ws/install/mjpeg_publisher:/home/helloosy/ros2_ws/install/apriltag_marker_publisher:/opt/ros/humble /usr/bin/cmake --install /home/helloosy/250805/2025-kookmin-contest/build/auto_drive
[10.558s] Level 1:colcon.colcon_core.environment:checking '/home/helloosy/250805/2025-kookmin-contest/install/auto_drive' for CMake config files
[10.559s] Level 1:colcon.colcon_core.shell:create_environment_hook('auto_drive', 'cmake_prefix_path')
[10.559s] INFO:colcon.colcon_core.shell:Creating environment hook '/home/helloosy/250805/2025-kookmin-contest/install/auto_drive/share/auto_drive/hook/cmake_prefix_path.ps1'
[10.562s] INFO:colcon.colcon_core.shell:Creating environment descriptor '/home/helloosy/250805/2025-kookmin-contest/install/auto_drive/share/auto_drive/hook/cmake_prefix_path.dsv'
[10.562s] INFO:colcon.colcon_core.shell:Creating environment hook '/home/helloosy/250805/2025-kookmin-contest/install/auto_drive/share/auto_drive/hook/cmake_prefix_path.sh'
[10.564s] Level 1:colcon.colcon_core.environment:checking '/home/helloosy/250805/2025-kookmin-contest/install/auto_drive/lib'
[10.564s] Level 1:colcon.colcon_core.environment:checking '/home/helloosy/250805/2025-kookmin-contest/install/auto_drive/bin'
[10.565s] Level 1:colcon.colcon_core.environment:checking '/home/helloosy/250805/2025-kookmin-contest/install/auto_drive/lib/pkgconfig/auto_drive.pc'
[10.566s] Level 1:colcon.colcon_core.environment:checking '/home/helloosy/250805/2025-kookmin-contest/install/auto_drive/lib/python3.10/site-packages'
[10.567s] Level 1:colcon.colcon_core.environment:checking '/home/helloosy/250805/2025-kookmin-contest/install/auto_drive/bin'
[10.568s] INFO:colcon.colcon_core.shell:Creating package script '/home/helloosy/250805/2025-kookmin-contest/install/auto_drive/share/auto_drive/package.ps1'
[10.570s] INFO:colcon.colcon_core.shell:Creating package descriptor '/home/helloosy/250805/2025-kookmin-contest/install/auto_drive/share/auto_drive/package.dsv'
[10.572s] INFO:colcon.colcon_core.shell:Creating package script '/home/helloosy/250805/2025-kookmin-contest/install/auto_drive/share/auto_drive/package.sh'
[10.575s] INFO:colcon.colcon_core.shell:Creating package script '/home/helloosy/250805/2025-kookmin-contest/install/auto_drive/share/auto_drive/package.bash'
[10.576s] INFO:colcon.colcon_core.shell:Creating package script '/home/helloosy/250805/2025-kookmin-contest/install/auto_drive/share/auto_drive/package.zsh'
[10.577s] Level 1:colcon.colcon_core.environment:create_file_with_runtime_dependencies(/home/helloosy/250805/2025-kookmin-contest/install/auto_drive/share/colcon-core/packages/auto_drive)
[10.582s] Level 1:colcon.colcon_core.environment:create_environment_scripts_only(auto_drive)
[10.583s] Level 1:colcon.colcon_core.environment:checking '/home/helloosy/250805/2025-kookmin-contest/install/auto_drive' for CMake module files
[10.585s] Level 1:colcon.colcon_core.environment:checking '/home/helloosy/250805/2025-kookmin-contest/install/auto_drive' for CMake config files
[10.586s] Level 1:colcon.colcon_core.shell:create_environment_hook('auto_drive', 'cmake_prefix_path')
[10.587s] INFO:colcon.colcon_core.shell:Creating environment hook '/home/helloosy/250805/2025-kookmin-contest/install/auto_drive/share/auto_drive/hook/cmake_prefix_path.ps1'
[10.588s] INFO:colcon.colcon_core.shell:Creating environment descriptor '/home/helloosy/250805/2025-kookmin-contest/install/auto_drive/share/auto_drive/hook/cmake_prefix_path.dsv'
[10.591s] INFO:colcon.colcon_core.shell:Creating environment hook '/home/helloosy/250805/2025-kookmin-contest/install/auto_drive/share/auto_drive/hook/cmake_prefix_path.sh'
[10.593s] Level 1:colcon.colcon_core.environment:checking '/home/helloosy/250805/2025-kookmin-contest/install/auto_drive/lib'
[10.594s] Level 1:colcon.colcon_core.environment:checking '/home/helloosy/250805/2025-kookmin-contest/install/auto_drive/bin'
[10.594s] Level 1:colcon.colcon_core.environment:checking '/home/helloosy/250805/2025-kookmin-contest/install/auto_drive/lib/pkgconfig/auto_drive.pc'
[10.595s] Level 1:colcon.colcon_core.environment:checking '/home/helloosy/250805/2025-kookmin-contest/install/auto_drive/lib/python3.10/site-packages'
[10.596s] Level 1:colcon.colcon_core.environment:checking '/home/helloosy/250805/2025-kookmin-contest/install/auto_drive/bin'
[10.597s] INFO:colcon.colcon_core.shell:Creating package script '/home/helloosy/250805/2025-kookmin-contest/install/auto_drive/share/auto_drive/package.ps1'
[10.598s] INFO:colcon.colcon_core.shell:Creating package descriptor '/home/helloosy/250805/2025-kookmin-contest/install/auto_drive/share/auto_drive/package.dsv'
[10.600s] INFO:colcon.colcon_core.shell:Creating package script '/home/helloosy/250805/2025-kookmin-contest/install/auto_drive/share/auto_drive/package.sh'
[10.601s] INFO:colcon.colcon_core.shell:Creating package script '/home/helloosy/250805/2025-kookmin-contest/install/auto_drive/share/auto_drive/package.bash'
[10.603s] INFO:colcon.colcon_core.shell:Creating package script '/home/helloosy/250805/2025-kookmin-contest/install/auto_drive/share/auto_drive/package.zsh'
[10.604s] Level 1:colcon.colcon_core.environment:create_file_with_runtime_dependencies(/home/helloosy/250805/2025-kookmin-contest/install/auto_drive/share/colcon-core/packages/auto_drive)
[10.612s] DEBUG:colcon.colcon_core.event_handler.log_command:Invoked command in '/home/helloosy/250805/2025-kookmin-contest/build/control' returned '0': CMAKE_PREFIX_PATH=${CMAKE_PREFIX_PATH}:/home/helloosy/hackathon_250712/install/usb_cam_250712:/home/helloosy/hackathon_250712/install/line_detection:/home/helloosy/ros2_ws/install/mjpeg_publisher:/home/helloosy/ros2_ws/install/apriltag_marker_publisher:/opt/ros/humble /usr/bin/cmake /home/helloosy/250805/2025-kookmin-contest/modular/control -DCMAKE_INSTALL_PREFIX=/home/helloosy/250805/2025-kookmin-contest/install/control
[10.613s] DEBUG:colcon.colcon_core.event_handler.log_command:Invoking command in '/home/helloosy/250805/2025-kookmin-contest/build/control': CMAKE_PREFIX_PATH=${CMAKE_PREFIX_PATH}:/home/helloosy/hackathon_250712/install/usb_cam_250712:/home/helloosy/hackathon_250712/install/line_detection:/home/helloosy/ros2_ws/install/mjpeg_publisher:/home/helloosy/ros2_ws/install/apriltag_marker_publisher:/opt/ros/humble /usr/bin/cmake --build /home/helloosy/250805/2025-kookmin-contest/build/control -- -j8 -l8
[12.491s] DEBUG:colcon.colcon_core.event_handler.log_command:Invoked command in '/home/helloosy/250805/2025-kookmin-contest/build/rubbercone' returned '0': CMAKE_PREFIX_PATH=${CMAKE_PREFIX_PATH}:/home/helloosy/hackathon_250712/install/usb_cam_250712:/home/helloosy/hackathon_250712/install/line_detection:/home/helloosy/ros2_ws/install/mjpeg_publisher:/home/helloosy/ros2_ws/install/apriltag_marker_publisher:/opt/ros/humble /usr/bin/cmake /home/helloosy/250805/2025-kookmin-contest/modular/rubbercone -DCMAKE_INSTALL_PREFIX=/home/helloosy/250805/2025-kookmin-contest/install/rubbercone
[12.497s] DEBUG:colcon.colcon_core.event_handler.log_command:Invoking command in '/home/helloosy/250805/2025-kookmin-contest/build/rubbercone': CMAKE_PREFIX_PATH=${CMAKE_PREFIX_PATH}:/home/helloosy/hackathon_250712/install/usb_cam_250712:/home/helloosy/hackathon_250712/install/line_detection:/home/helloosy/ros2_ws/install/mjpeg_publisher:/home/helloosy/ros2_ws/install/apriltag_marker_publisher:/opt/ros/humble /usr/bin/cmake --build /home/helloosy/250805/2025-kookmin-contest/build/rubbercone -- -j8 -l8
[12.500s] DEBUG:colcon.colcon_core.event_handler.log_command:Invoked command in '/home/helloosy/250805/2025-kookmin-contest/build/control' returned '0': CMAKE_PREFIX_PATH=${CMAKE_PREFIX_PATH}:/home/helloosy/hackathon_250712/install/usb_cam_250712:/home/helloosy/hackathon_250712/install/line_detection:/home/helloosy/ros2_ws/install/mjpeg_publisher:/home/helloosy/ros2_ws/install/apriltag_marker_publisher:/opt/ros/humble /usr/bin/cmake --build /home/helloosy/250805/2025-kookmin-contest/build/control -- -j8 -l8
[12.507s] DEBUG:colcon.colcon_core.event_handler.log_command:Invoking command in '/home/helloosy/250805/2025-kookmin-contest/build/control': CMAKE_PREFIX_PATH=${CMAKE_PREFIX_PATH}:/home/helloosy/hackathon_250712/install/usb_cam_250712:/home/helloosy/hackathon_250712/install/line_detection:/home/helloosy/ros2_ws/install/mjpeg_publisher:/home/helloosy/ros2_ws/install/apriltag_marker_publisher:/opt/ros/humble /usr/bin/cmake --install /home/helloosy/250805/2025-kookmin-contest/build/control
[13.882s] Level 1:colcon.colcon_core.environment:create_environment_scripts_only(control)
[13.883s] Level 1:colcon.colcon_core.environment:checking '/home/helloosy/250805/2025-kookmin-contest/install/control' for CMake module files
[13.885s] Level 1:colcon.colcon_core.environment:checking '/home/helloosy/250805/2025-kookmin-contest/install/control' for CMake config files
[13.886s] Level 1:colcon.colcon_core.shell:create_environment_hook('control', 'cmake_prefix_path')
[13.887s] INFO:colcon.colcon_core.shell:Creating environment hook '/home/helloosy/250805/2025-kookmin-contest/install/control/share/control/hook/cmake_prefix_path.ps1'
[13.898s] DEBUG:colcon.colcon_core.event_handler.log_command:Invoked command in '/home/helloosy/250805/2025-kookmin-contest/build/object_detection' returned '0': CMAKE_PREFIX_PATH=${CMAKE_PREFIX_PATH}:/home/helloosy/hackathon_250712/install/usb_cam_250712:/home/helloosy/hackathon_250712/install/line_detection:/home/helloosy/ros2_ws/install/mjpeg_publisher:/home/helloosy/ros2_ws/install/apriltag_marker_publisher:/opt/ros/humble /usr/bin/cmake /home/helloosy/250805/2025-kookmin-contest/modular/object_detection -DCMAKE_INSTALL_PREFIX=/home/helloosy/250805/2025-kookmin-contest/install/object_detection
[13.904s] INFO:colcon.colcon_core.shell:Creating environment descriptor '/home/helloosy/250805/2025-kookmin-contest/install/control/share/control/hook/cmake_prefix_path.dsv'
[13.905s] INFO:colcon.colcon_core.shell:Creating environment hook '/home/helloosy/250805/2025-kookmin-contest/install/control/share/control/hook/cmake_prefix_path.sh'
[13.906s] Level 1:colcon.colcon_core.environment:checking '/home/helloosy/250805/2025-kookmin-contest/install/control/lib'
[13.906s] Level 1:colcon.colcon_core.environment:checking '/home/helloosy/250805/2025-kookmin-contest/install/control/bin'
[13.906s] Level 1:colcon.colcon_core.environment:checking '/home/helloosy/250805/2025-kookmin-contest/install/control/lib/pkgconfig/control.pc'
[13.907s] Level 1:colcon.colcon_core.environment:checking '/home/helloosy/250805/2025-kookmin-contest/install/control/lib/python3.10/site-packages'
[13.912s] Level 1:colcon.colcon_core.environment:checking '/home/helloosy/250805/2025-kookmin-contest/install/control/bin'
[13.914s] INFO:colcon.colcon_core.shell:Creating package script '/home/helloosy/250805/2025-kookmin-contest/install/control/share/control/package.ps1'
[13.915s] INFO:colcon.colcon_core.shell:Creating package descriptor '/home/helloosy/250805/2025-kookmin-contest/install/control/share/control/package.dsv'
[13.920s] INFO:colcon.colcon_core.shell:Creating package script '/home/helloosy/250805/2025-kookmin-contest/install/control/share/control/package.sh'
[13.921s] INFO:colcon.colcon_core.shell:Creating package script '/home/helloosy/250805/2025-kookmin-contest/install/control/share/control/package.bash'
[13.922s] INFO:colcon.colcon_core.shell:Creating package script '/home/helloosy/250805/2025-kookmin-contest/install/control/share/control/package.zsh'
[13.923s] Level 1:colcon.colcon_core.environment:create_file_with_runtime_dependencies(/home/helloosy/250805/2025-kookmin-contest/install/control/share/colcon-core/packages/control)
[13.924s] DEBUG:colcon.colcon_core.event_handler.log_command:Invoking command in '/home/helloosy/250805/2025-kookmin-contest/build/object_detection': CMAKE_PREFIX_PATH=${CMAKE_PREFIX_PATH}:/home/helloosy/hackathon_250712/install/usb_cam_250712:/home/helloosy/hackathon_250712/install/line_detection:/home/helloosy/ros2_ws/install/mjpeg_publisher:/home/helloosy/ros2_ws/install/apriltag_marker_publisher:/opt/ros/humble /usr/bin/cmake --build /home/helloosy/250805/2025-kookmin-contest/build/object_detection -- -j8 -l8
[13.925s] DEBUG:colcon.colcon_core.event_handler.log_command:Invoked command in '/home/helloosy/250805/2025-kookmin-contest/build/control' returned '0': CMAKE_PREFIX_PATH=${CMAKE_PREFIX_PATH}:/home/helloosy/hackathon_250712/install/usb_cam_250712:/home/helloosy/hackathon_250712/install/line_detection:/home/helloosy/ros2_ws/install/mjpeg_publisher:/home/helloosy/ros2_ws/install/apriltag_marker_publisher:/opt/ros/humble /usr/bin/cmake --install /home/helloosy/250805/2025-kookmin-contest/build/control
[13.938s] Level 1:colcon.colcon_core.environment:create_environment_scripts_only(control)
[13.939s] Level 1:colcon.colcon_core.environment:checking '/home/helloosy/250805/2025-kookmin-contest/install/control' for CMake module files
[13.940s] Level 1:colcon.colcon_core.environment:checking '/home/helloosy/250805/2025-kookmin-contest/install/control' for CMake config files
[13.941s] Level 1:colcon.colcon_core.shell:create_environment_hook('control', 'cmake_prefix_path')
[13.942s] INFO:colcon.colcon_core.shell:Creating environment hook '/home/helloosy/250805/2025-kookmin-contest/install/control/share/control/hook/cmake_prefix_path.ps1'
[13.943s] INFO:colcon.colcon_core.shell:Creating environment descriptor '/home/helloosy/250805/2025-kookmin-contest/install/control/share/control/hook/cmake_prefix_path.dsv'
[13.948s] INFO:colcon.colcon_core.shell:Creating environment hook '/home/helloosy/250805/2025-kookmin-contest/install/control/share/control/hook/cmake_prefix_path.sh'
[13.951s] Level 1:colcon.colcon_core.environment:checking '/home/helloosy/250805/2025-kookmin-contest/install/control/lib'
[13.956s] Level 1:colcon.colcon_core.environment:checking '/home/helloosy/250805/2025-kookmin-contest/install/control/bin'
[13.957s] Level 1:colcon.colcon_core.environment:checking '/home/helloosy/250805/2025-kookmin-contest/install/control/lib/pkgconfig/control.pc'
[13.957s] Level 1:colcon.colcon_core.environment:checking '/home/helloosy/250805/2025-kookmin-contest/install/control/lib/python3.10/site-packages'
[13.958s] Level 1:colcon.colcon_core.environment:checking '/home/helloosy/250805/2025-kookmin-contest/install/control/bin'
[13.958s] INFO:colcon.colcon_core.shell:Creating package script '/home/helloosy/250805/2025-kookmin-contest/install/control/share/control/package.ps1'
[13.959s] INFO:colcon.colcon_core.shell:Creating package descriptor '/home/helloosy/250805/2025-kookmin-contest/install/control/share/control/package.dsv'
[13.960s] INFO:colcon.colcon_core.shell:Creating package script '/home/helloosy/250805/2025-kookmin-contest/install/control/share/control/package.sh'
[13.961s] INFO:colcon.colcon_core.shell:Creating package script '/home/helloosy/250805/2025-kookmin-contest/install/control/share/control/package.bash'
[13.962s] INFO:colcon.colcon_core.shell:Creating package script '/home/helloosy/250805/2025-kookmin-contest/install/control/share/control/package.zsh'
[13.963s] Level 1:colcon.colcon_core.environment:create_file_with_runtime_dependencies(/home/helloosy/250805/2025-kookmin-contest/install/control/share/colcon-core/packages/control)
[23.172s] DEBUG:colcon.colcon_core.event_handler.log_command:Invoked command in '/home/helloosy/250805/2025-kookmin-contest/build/traffic_light' returned '0': CMAKE_PREFIX_PATH=${CMAKE_PREFIX_PATH}:/home/helloosy/hackathon_250712/install/usb_cam_250712:/home/helloosy/hackathon_250712/install/line_detection:/home/helloosy/ros2_ws/install/mjpeg_publisher:/home/helloosy/ros2_ws/install/apriltag_marker_publisher:/opt/ros/humble /usr/bin/cmake /home/helloosy/250805/2025-kookmin-contest/modular/traffic_light -DCMAKE_INSTALL_PREFIX=/home/helloosy/250805/2025-kookmin-contest/install/traffic_light
[23.180s] DEBUG:colcon.colcon_core.event_handler.log_command:Invoking command in '/home/helloosy/250805/2025-kookmin-contest/build/traffic_light': CMAKE_PREFIX_PATH=${CMAKE_PREFIX_PATH}:/home/helloosy/hackathon_250712/install/usb_cam_250712:/home/helloosy/hackathon_250712/install/line_detection:/home/helloosy/ros2_ws/install/mjpeg_publisher:/home/helloosy/ros2_ws/install/apriltag_marker_publisher:/opt/ros/humble /usr/bin/cmake --build /home/helloosy/250805/2025-kookmin-contest/build/traffic_light -- -j8 -l8
[23.424s] DEBUG:colcon.colcon_core.event_handler.log_command:Invoked command in '/home/helloosy/250805/2025-kookmin-contest/build/sensors_viewer' returned '0': CMAKE_PREFIX_PATH=${CMAKE_PREFIX_PATH}:/home/helloosy/hackathon_250712/install/usb_cam_250712:/home/helloosy/hackathon_250712/install/line_detection:/home/helloosy/ros2_ws/install/mjpeg_publisher:/home/helloosy/ros2_ws/install/apriltag_marker_publisher:/opt/ros/humble /usr/bin/cmake /home/helloosy/250805/2025-kookmin-contest/function/sensors_viewer -DCMAKE_INSTALL_PREFIX=/home/helloosy/250805/2025-kookmin-contest/install/sensors_viewer
[23.425s] DEBUG:colcon.colcon_core.event_handler.log_command:Invoking command in '/home/helloosy/250805/2025-kookmin-contest/build/sensors_viewer': CMAKE_PREFIX_PATH=${CMAKE_PREFIX_PATH}:/home/helloosy/hackathon_250712/install/usb_cam_250712:/home/helloosy/hackathon_250712/install/line_detection:/home/helloosy/ros2_ws/install/mjpeg_publisher:/home/helloosy/ros2_ws/install/apriltag_marker_publisher:/opt/ros/humble /usr/bin/cmake --build /home/helloosy/250805/2025-kookmin-contest/build/sensors_viewer -- -j8 -l8
[40.426s] DEBUG:colcon.colcon_core.event_handler.log_command:Invoked command in '/home/helloosy/250805/2025-kookmin-contest/build/image_resize' returned '0': CMAKE_PREFIX_PATH=${CMAKE_PREFIX_PATH}:/home/helloosy/hackathon_250712/install/usb_cam_250712:/home/helloosy/hackathon_250712/install/line_detection:/home/helloosy/ros2_ws/install/mjpeg_publisher:/home/helloosy/ros2_ws/install/apriltag_marker_publisher:/opt/ros/humble /usr/bin/cmake --build /home/helloosy/250805/2025-kookmin-contest/build/image_resize -- -j8 -l8
[40.431s] DEBUG:colcon.colcon_core.event_handler.log_command:Invoking command in '/home/helloosy/250805/2025-kookmin-contest/build/image_resize': CMAKE_PREFIX_PATH=${CMAKE_PREFIX_PATH}:/home/helloosy/hackathon_250712/install/usb_cam_250712:/home/helloosy/hackathon_250712/install/line_detection:/home/helloosy/ros2_ws/install/mjpeg_publisher:/home/helloosy/ros2_ws/install/apriltag_marker_publisher:/opt/ros/humble /usr/bin/cmake --install /home/helloosy/250805/2025-kookmin-contest/build/image_resize
[40.470s] Level 1:colcon.colcon_core.environment:create_environment_scripts_only(image_resize)
[40.470s] DEBUG:colcon.colcon_core.event_handler.log_command:Invoked command in '/home/helloosy/250805/2025-kookmin-contest/build/image_resize' returned '0': CMAKE_PREFIX_PATH=${CMAKE_PREFIX_PATH}:/home/helloosy/hackathon_250712/install/usb_cam_250712:/home/helloosy/hackathon_250712/install/line_detection:/home/helloosy/ros2_ws/install/mjpeg_publisher:/home/helloosy/ros2_ws/install/apriltag_marker_publisher:/opt/ros/humble /usr/bin/cmake --install /home/helloosy/250805/2025-kookmin-contest/build/image_resize
[40.471s] Level 1:colcon.colcon_core.environment:checking '/home/helloosy/250805/2025-kookmin-contest/install/image_resize' for CMake module files
[40.471s] Level 1:colcon.colcon_core.environment:checking '/home/helloosy/250805/2025-kookmin-contest/install/image_resize' for CMake config files
[40.472s] Level 1:colcon.colcon_core.shell:create_environment_hook('image_resize', 'cmake_prefix_path')
[40.472s] INFO:colcon.colcon_core.shell:Creating environment hook '/home/helloosy/250805/2025-kookmin-contest/install/image_resize/share/image_resize/hook/cmake_prefix_path.ps1'
[40.477s] INFO:colcon.colcon_core.shell:Creating environment descriptor '/home/helloosy/250805/2025-kookmin-contest/install/image_resize/share/image_resize/hook/cmake_prefix_path.dsv'
[40.478s] INFO:colcon.colcon_core.shell:Creating environment hook '/home/helloosy/250805/2025-kookmin-contest/install/image_resize/share/image_resize/hook/cmake_prefix_path.sh'
[40.481s] Level 1:colcon.colcon_core.environment:checking '/home/helloosy/250805/2025-kookmin-contest/install/image_resize/lib'
[40.481s] Level 1:colcon.colcon_core.environment:checking '/home/helloosy/250805/2025-kookmin-contest/install/image_resize/bin'
[40.482s] Level 1:colcon.colcon_core.environment:checking '/home/helloosy/250805/2025-kookmin-contest/install/image_resize/lib/pkgconfig/image_resize.pc'
[40.482s] Level 1:colcon.colcon_core.environment:checking '/home/helloosy/250805/2025-kookmin-contest/install/image_resize/lib/python3.10/site-packages'
[40.483s] Level 1:colcon.colcon_core.environment:checking '/home/helloosy/250805/2025-kookmin-contest/install/image_resize/bin'
[40.484s] INFO:colcon.colcon_core.shell:Creating package script '/home/helloosy/250805/2025-kookmin-contest/install/image_resize/share/image_resize/package.ps1'
[40.485s] INFO:colcon.colcon_core.shell:Creating package descriptor '/home/helloosy/250805/2025-kookmin-contest/install/image_resize/share/image_resize/package.dsv'
[40.486s] INFO:colcon.colcon_core.shell:Creating package script '/home/helloosy/250805/2025-kookmin-contest/install/image_resize/share/image_resize/package.sh'
[40.488s] INFO:colcon.colcon_core.shell:Creating package script '/home/helloosy/250805/2025-kookmin-contest/install/image_resize/share/image_resize/package.bash'
[40.490s] INFO:colcon.colcon_core.shell:Creating package script '/home/helloosy/250805/2025-kookmin-contest/install/image_resize/share/image_resize/package.zsh'
[40.492s] Level 1:colcon.colcon_core.environment:create_file_with_runtime_dependencies(/home/helloosy/250805/2025-kookmin-contest/install/image_resize/share/colcon-core/packages/image_resize)
[40.494s] Level 1:colcon.colcon_core.environment:create_environment_scripts_only(image_resize)
[40.495s] Level 1:colcon.colcon_core.environment:checking '/home/helloosy/250805/2025-kookmin-contest/install/image_resize' for CMake module files
[40.495s] Level 1:colcon.colcon_core.environment:checking '/home/helloosy/250805/2025-kookmin-contest/install/image_resize' for CMake config files
[40.496s] Level 1:colcon.colcon_core.shell:create_environment_hook('image_resize', 'cmake_prefix_path')
[40.498s] INFO:colcon.colcon_core.shell:Creating environment hook '/home/helloosy/250805/2025-kookmin-contest/install/image_resize/share/image_resize/hook/cmake_prefix_path.ps1'
[40.499s] INFO:colcon.colcon_core.shell:Creating environment descriptor '/home/helloosy/250805/2025-kookmin-contest/install/image_resize/share/image_resize/hook/cmake_prefix_path.dsv'
[40.501s] INFO:colcon.colcon_core.shell:Creating environment hook '/home/helloosy/250805/2025-kookmin-contest/install/image_resize/share/image_resize/hook/cmake_prefix_path.sh'
[40.504s] Level 1:colcon.colcon_core.environment:checking '/home/helloosy/250805/2025-kookmin-contest/install/image_resize/lib'
[40.504s] Level 1:colcon.colcon_core.environment:checking '/home/helloosy/250805/2025-kookmin-contest/install/image_resize/bin'
[40.504s] Level 1:colcon.colcon_core.environment:checking '/home/helloosy/250805/2025-kookmin-contest/install/image_resize/lib/pkgconfig/image_resize.pc'
[40.505s] Level 1:colcon.colcon_core.environment:checking '/home/helloosy/250805/2025-kookmin-contest/install/image_resize/lib/python3.10/site-packages'
[40.505s] Level 1:colcon.colcon_core.environment:checking '/home/helloosy/250805/2025-kookmin-contest/install/image_resize/bin'
[40.506s] INFO:colcon.colcon_core.shell:Creating package script '/home/helloosy/250805/2025-kookmin-contest/install/image_resize/share/image_resize/package.ps1'
[40.507s] INFO:colcon.colcon_core.shell:Creating package descriptor '/home/helloosy/250805/2025-kookmin-contest/install/image_resize/share/image_resize/package.dsv'
[40.509s] INFO:colcon.colcon_core.shell:Creating package script '/home/helloosy/250805/2025-kookmin-contest/install/image_resize/share/image_resize/package.sh'
[40.510s] INFO:colcon.colcon_core.shell:Creating package script '/home/helloosy/250805/2025-kookmin-contest/install/image_resize/share/image_resize/package.bash'
[40.512s] INFO:colcon.colcon_core.shell:Creating package script '/home/helloosy/250805/2025-kookmin-contest/install/image_resize/share/image_resize/package.zsh'
[40.513s] Level 1:colcon.colcon_core.environment:create_file_with_runtime_dependencies(/home/helloosy/250805/2025-kookmin-contest/install/image_resize/share/colcon-core/packages/image_resize)
[40.920s] DEBUG:colcon.colcon_core.event_handler.log_command:Invoked command in '/home/helloosy/250805/2025-kookmin-contest/build/rubbercone' returned '0': CMAKE_PREFIX_PATH=${CMAKE_PREFIX_PATH}:/home/helloosy/hackathon_250712/install/usb_cam_250712:/home/helloosy/hackathon_250712/install/line_detection:/home/helloosy/ros2_ws/install/mjpeg_publisher:/home/helloosy/ros2_ws/install/apriltag_marker_publisher:/opt/ros/humble /usr/bin/cmake --build /home/helloosy/250805/2025-kookmin-contest/build/rubbercone -- -j8 -l8
[40.923s] DEBUG:colcon.colcon_core.event_handler.log_command:Invoking command in '/home/helloosy/250805/2025-kookmin-contest/build/rubbercone': CMAKE_PREFIX_PATH=${CMAKE_PREFIX_PATH}:/home/helloosy/hackathon_250712/install/usb_cam_250712:/home/helloosy/hackathon_250712/install/line_detection:/home/helloosy/ros2_ws/install/mjpeg_publisher:/home/helloosy/ros2_ws/install/apriltag_marker_publisher:/opt/ros/humble /usr/bin/cmake --install /home/helloosy/250805/2025-kookmin-contest/build/rubbercone
[40.958s] Level 1:colcon.colcon_core.environment:create_environment_scripts_only(rubbercone)
[40.959s] Level 1:colcon.colcon_core.environment:checking '/home/helloosy/250805/2025-kookmin-contest/install/rubbercone' for CMake module files
[40.960s] DEBUG:colcon.colcon_core.event_handler.log_command:Invoked command in '/home/helloosy/250805/2025-kookmin-contest/build/rubbercone' returned '0': CMAKE_PREFIX_PATH=${CMAKE_PREFIX_PATH}:/home/helloosy/hackathon_250712/install/usb_cam_250712:/home/helloosy/hackathon_250712/install/line_detection:/home/helloosy/ros2_ws/install/mjpeg_publisher:/home/helloosy/ros2_ws/install/apriltag_marker_publisher:/opt/ros/humble /usr/bin/cmake --install /home/helloosy/250805/2025-kookmin-contest/build/rubbercone
[40.960s] Level 1:colcon.colcon_core.environment:checking '/home/helloosy/250805/2025-kookmin-contest/install/rubbercone' for CMake config files
[40.961s] Level 1:colcon.colcon_core.shell:create_environment_hook('rubbercone', 'cmake_prefix_path')
[40.961s] INFO:colcon.colcon_core.shell:Creating environment hook '/home/helloosy/250805/2025-kookmin-contest/install/rubbercone/share/rubbercone/hook/cmake_prefix_path.ps1'
[40.962s] INFO:colcon.colcon_core.shell:Creating environment descriptor '/home/helloosy/250805/2025-kookmin-contest/install/rubbercone/share/rubbercone/hook/cmake_prefix_path.dsv'
[40.963s] INFO:colcon.colcon_core.shell:Creating environment hook '/home/helloosy/250805/2025-kookmin-contest/install/rubbercone/share/rubbercone/hook/cmake_prefix_path.sh'
[40.964s] Level 1:colcon.colcon_core.environment:checking '/home/helloosy/250805/2025-kookmin-contest/install/rubbercone/lib'
[40.964s] Level 1:colcon.colcon_core.environment:checking '/home/helloosy/250805/2025-kookmin-contest/install/rubbercone/bin'
[40.964s] Level 1:colcon.colcon_core.environment:checking '/home/helloosy/250805/2025-kookmin-contest/install/rubbercone/lib/pkgconfig/rubbercone.pc'
[40.965s] Level 1:colcon.colcon_core.environment:checking '/home/helloosy/250805/2025-kookmin-contest/install/rubbercone/lib/python3.10/site-packages'
[40.966s] Level 1:colcon.colcon_core.environment:checking '/home/helloosy/250805/2025-kookmin-contest/install/rubbercone/bin'
[40.966s] INFO:colcon.colcon_core.shell:Creating package script '/home/helloosy/250805/2025-kookmin-contest/install/rubbercone/share/rubbercone/package.ps1'
[40.967s] INFO:colcon.colcon_core.shell:Creating package descriptor '/home/helloosy/250805/2025-kookmin-contest/install/rubbercone/share/rubbercone/package.dsv'
[40.968s] INFO:colcon.colcon_core.shell:Creating package script '/home/helloosy/250805/2025-kookmin-contest/install/rubbercone/share/rubbercone/package.sh'
[40.969s] INFO:colcon.colcon_core.shell:Creating package script '/home/helloosy/250805/2025-kookmin-contest/install/rubbercone/share/rubbercone/package.bash'
[40.969s] INFO:colcon.colcon_core.shell:Creating package script '/home/helloosy/250805/2025-kookmin-contest/install/rubbercone/share/rubbercone/package.zsh'
[40.970s] Level 1:colcon.colcon_core.environment:create_file_with_runtime_dependencies(/home/helloosy/250805/2025-kookmin-contest/install/rubbercone/share/colcon-core/packages/rubbercone)
[40.973s] Level 1:colcon.colcon_core.environment:create_environment_scripts_only(rubbercone)
[40.974s] Level 1:colcon.colcon_core.environment:checking '/home/helloosy/250805/2025-kookmin-contest/install/rubbercone' for CMake module files
[40.975s] Level 1:colcon.colcon_core.environment:checking '/home/helloosy/250805/2025-kookmin-contest/install/rubbercone' for CMake config files
[40.977s] Level 1:colcon.colcon_core.shell:create_environment_hook('rubbercone', 'cmake_prefix_path')
[40.977s] INFO:colcon.colcon_core.shell:Creating environment hook '/home/helloosy/250805/2025-kookmin-contest/install/rubbercone/share/rubbercone/hook/cmake_prefix_path.ps1'
[40.978s] INFO:colcon.colcon_core.shell:Creating environment descriptor '/home/helloosy/250805/2025-kookmin-contest/install/rubbercone/share/rubbercone/hook/cmake_prefix_path.dsv'
[40.979s] INFO:colcon.colcon_core.shell:Creating environment hook '/home/helloosy/250805/2025-kookmin-contest/install/rubbercone/share/rubbercone/hook/cmake_prefix_path.sh'
[40.980s] Level 1:colcon.colcon_core.environment:checking '/home/helloosy/250805/2025-kookmin-contest/install/rubbercone/lib'
[40.980s] Level 1:colcon.colcon_core.environment:checking '/home/helloosy/250805/2025-kookmin-contest/install/rubbercone/bin'
[40.980s] Level 1:colcon.colcon_core.environment:checking '/home/helloosy/250805/2025-kookmin-contest/install/rubbercone/lib/pkgconfig/rubbercone.pc'
[40.981s] Level 1:colcon.colcon_core.environment:checking '/home/helloosy/250805/2025-kookmin-contest/install/rubbercone/lib/python3.10/site-packages'
[40.981s] Level 1:colcon.colcon_core.environment:checking '/home/helloosy/250805/2025-kookmin-contest/install/rubbercone/bin'
[40.981s] INFO:colcon.colcon_core.shell:Creating package script '/home/helloosy/250805/2025-kookmin-contest/install/rubbercone/share/rubbercone/package.ps1'
[40.982s] INFO:colcon.colcon_core.shell:Creating package descriptor '/home/helloosy/250805/2025-kookmin-contest/install/rubbercone/share/rubbercone/package.dsv'
[40.983s] INFO:colcon.colcon_core.shell:Creating package script '/home/helloosy/250805/2025-kookmin-contest/install/rubbercone/share/rubbercone/package.sh'
[40.984s] INFO:colcon.colcon_core.shell:Creating package script '/home/helloosy/250805/2025-kookmin-contest/install/rubbercone/share/rubbercone/package.bash'
[40.985s] INFO:colcon.colcon_core.shell:Creating package script '/home/helloosy/250805/2025-kookmin-contest/install/rubbercone/share/rubbercone/package.zsh'
[40.988s] Level 1:colcon.colcon_core.environment:create_file_with_runtime_dependencies(/home/helloosy/250805/2025-kookmin-contest/install/rubbercone/share/colcon-core/packages/rubbercone)
[47.985s] DEBUG:colcon.colcon_core.event_handler.log_command:Invoked command in '/home/helloosy/250805/2025-kookmin-contest/build/lane_detection' returned '0': CMAKE_PREFIX_PATH=${CMAKE_PREFIX_PATH}:/home/helloosy/hackathon_250712/install/usb_cam_250712:/home/helloosy/hackathon_250712/install/line_detection:/home/helloosy/ros2_ws/install/mjpeg_publisher:/home/helloosy/ros2_ws/install/apriltag_marker_publisher:/opt/ros/humble /usr/bin/cmake --build /home/helloosy/250805/2025-kookmin-contest/build/lane_detection -- -j8 -l8
[47.990s] DEBUG:colcon.colcon_core.event_handler.log_command:Invoking command in '/home/helloosy/250805/2025-kookmin-contest/build/lane_detection': CMAKE_PREFIX_PATH=${CMAKE_PREFIX_PATH}:/home/helloosy/hackathon_250712/install/usb_cam_250712:/home/helloosy/hackathon_250712/install/line_detection:/home/helloosy/ros2_ws/install/mjpeg_publisher:/home/helloosy/ros2_ws/install/apriltag_marker_publisher:/opt/ros/humble /usr/bin/cmake --install /home/helloosy/250805/2025-kookmin-contest/build/lane_detection
[48.047s] Level 1:colcon.colcon_core.environment:create_environment_scripts_only(lane_detection)
[48.048s] Level 1:colcon.colcon_core.environment:checking '/home/helloosy/250805/2025-kookmin-contest/install/lane_detection' for CMake module files
[48.049s] DEBUG:colcon.colcon_core.event_handler.log_command:Invoked command in '/home/helloosy/250805/2025-kookmin-contest/build/lane_detection' returned '0': CMAKE_PREFIX_PATH=${CMAKE_PREFIX_PATH}:/home/helloosy/hackathon_250712/install/usb_cam_250712:/home/helloosy/hackathon_250712/install/line_detection:/home/helloosy/ros2_ws/install/mjpeg_publisher:/home/helloosy/ros2_ws/install/apriltag_marker_publisher:/opt/ros/humble /usr/bin/cmake --install /home/helloosy/250805/2025-kookmin-contest/build/lane_detection
[48.050s] Level 1:colcon.colcon_core.environment:checking '/home/helloosy/250805/2025-kookmin-contest/install/lane_detection' for CMake config files
[48.051s] Level 1:colcon.colcon_core.shell:create_environment_hook('lane_detection', 'cmake_prefix_path')
[48.052s] INFO:colcon.colcon_core.shell:Creating environment hook '/home/helloosy/250805/2025-kookmin-contest/install/lane_detection/share/lane_detection/hook/cmake_prefix_path.ps1'
[48.054s] INFO:colcon.colcon_core.shell:Creating environment descriptor '/home/helloosy/250805/2025-kookmin-contest/install/lane_detection/share/lane_detection/hook/cmake_prefix_path.dsv'
[48.056s] INFO:colcon.colcon_core.shell:Creating environment hook '/home/helloosy/250805/2025-kookmin-contest/install/lane_detection/share/lane_detection/hook/cmake_prefix_path.sh'
[48.057s] Level 1:colcon.colcon_core.environment:checking '/home/helloosy/250805/2025-kookmin-contest/install/lane_detection/lib'
[48.058s] Level 1:colcon.colcon_core.environment:checking '/home/helloosy/250805/2025-kookmin-contest/install/lane_detection/bin'
[48.058s] Level 1:colcon.colcon_core.environment:checking '/home/helloosy/250805/2025-kookmin-contest/install/lane_detection/lib/pkgconfig/lane_detection.pc'
[48.058s] Level 1:colcon.colcon_core.environment:checking '/home/helloosy/250805/2025-kookmin-contest/install/lane_detection/lib/python3.10/site-packages'
[48.059s] Level 1:colcon.colcon_core.environment:checking '/home/helloosy/250805/2025-kookmin-contest/install/lane_detection/bin'
[48.059s] INFO:colcon.colcon_core.shell:Creating package script '/home/helloosy/250805/2025-kookmin-contest/install/lane_detection/share/lane_detection/package.ps1'
[48.061s] INFO:colcon.colcon_core.shell:Creating package descriptor '/home/helloosy/250805/2025-kookmin-contest/install/lane_detection/share/lane_detection/package.dsv'
[48.062s] INFO:colcon.colcon_core.shell:Creating package script '/home/helloosy/250805/2025-kookmin-contest/install/lane_detection/share/lane_detection/package.sh'
[48.063s] INFO:colcon.colcon_core.shell:Creating package script '/home/helloosy/250805/2025-kookmin-contest/install/lane_detection/share/lane_detection/package.bash'
[48.064s] INFO:colcon.colcon_core.shell:Creating package script '/home/helloosy/250805/2025-kookmin-contest/install/lane_detection/share/lane_detection/package.zsh'
[48.065s] Level 1:colcon.colcon_core.environment:create_file_with_runtime_dependencies(/home/helloosy/250805/2025-kookmin-contest/install/lane_detection/share/colcon-core/packages/lane_detection)
[48.068s] Level 1:colcon.colcon_core.environment:create_environment_scripts_only(lane_detection)
[48.069s] Level 1:colcon.colcon_core.environment:checking '/home/helloosy/250805/2025-kookmin-contest/install/lane_detection' for CMake module files
[48.070s] Level 1:colcon.colcon_core.environment:checking '/home/helloosy/250805/2025-kookmin-contest/install/lane_detection' for CMake config files
[48.070s] Level 1:colcon.colcon_core.shell:create_environment_hook('lane_detection', 'cmake_prefix_path')
[48.071s] INFO:colcon.colcon_core.shell:Creating environment hook '/home/helloosy/250805/2025-kookmin-contest/install/lane_detection/share/lane_detection/hook/cmake_prefix_path.ps1'
[48.072s] INFO:colcon.colcon_core.shell:Creating environment descriptor '/home/helloosy/250805/2025-kookmin-contest/install/lane_detection/share/lane_detection/hook/cmake_prefix_path.dsv'
[48.073s] INFO:colcon.colcon_core.shell:Creating environment hook '/home/helloosy/250805/2025-kookmin-contest/install/lane_detection/share/lane_detection/hook/cmake_prefix_path.sh'
[48.074s] Level 1:colcon.colcon_core.environment:checking '/home/helloosy/250805/2025-kookmin-contest/install/lane_detection/lib'
[48.075s] Level 1:colcon.colcon_core.environment:checking '/home/helloosy/250805/2025-kookmin-contest/install/lane_detection/bin'
[48.075s] Level 1:colcon.colcon_core.environment:checking '/home/helloosy/250805/2025-kookmin-contest/install/lane_detection/lib/pkgconfig/lane_detection.pc'
[48.075s] Level 1:colcon.colcon_core.environment:checking '/home/helloosy/250805/2025-kookmin-contest/install/lane_detection/lib/python3.10/site-packages'
[48.076s] Level 1:colcon.colcon_core.environment:checking '/home/helloosy/250805/2025-kookmin-contest/install/lane_detection/bin'
[48.077s] INFO:colcon.colcon_core.shell:Creating package script '/home/helloosy/250805/2025-kookmin-contest/install/lane_detection/share/lane_detection/package.ps1'
[48.078s] INFO:colcon.colcon_core.shell:Creating package descriptor '/home/helloosy/250805/2025-kookmin-contest/install/lane_detection/share/lane_detection/package.dsv'
[48.079s] INFO:colcon.colcon_core.shell:Creating package script '/home/helloosy/250805/2025-kookmin-contest/install/lane_detection/share/lane_detection/package.sh'
[48.080s] INFO:colcon.colcon_core.shell:Creating package script '/home/helloosy/250805/2025-kookmin-contest/install/lane_detection/share/lane_detection/package.bash'
[48.081s] INFO:colcon.colcon_core.shell:Creating package script '/home/helloosy/250805/2025-kookmin-contest/install/lane_detection/share/lane_detection/package.zsh'
[48.082s] Level 1:colcon.colcon_core.environment:create_file_with_runtime_dependencies(/home/helloosy/250805/2025-kookmin-contest/install/lane_detection/share/colcon-core/packages/lane_detection)
[48.899s] DEBUG:colcon.colcon_core.event_handler.log_command:Invoked command in '/home/helloosy/250805/2025-kookmin-contest/build/traffic_light' returned '0': CMAKE_PREFIX_PATH=${CMAKE_PREFIX_PATH}:/home/helloosy/hackathon_250712/install/usb_cam_250712:/home/helloosy/hackathon_250712/install/line_detection:/home/helloosy/ros2_ws/install/mjpeg_publisher:/home/helloosy/ros2_ws/install/apriltag_marker_publisher:/opt/ros/humble /usr/bin/cmake --build /home/helloosy/250805/2025-kookmin-contest/build/traffic_light -- -j8 -l8
[48.903s] DEBUG:colcon.colcon_core.event_handler.log_command:Invoking command in '/home/helloosy/250805/2025-kookmin-contest/build/traffic_light': CMAKE_PREFIX_PATH=${CMAKE_PREFIX_PATH}:/home/helloosy/hackathon_250712/install/usb_cam_250712:/home/helloosy/hackathon_250712/install/line_detection:/home/helloosy/ros2_ws/install/mjpeg_publisher:/home/helloosy/ros2_ws/install/apriltag_marker_publisher:/opt/ros/humble /usr/bin/cmake --install /home/helloosy/250805/2025-kookmin-contest/build/traffic_light
[48.958s] Level 1:colcon.colcon_core.environment:create_environment_scripts_only(traffic_light)
[48.959s] Level 1:colcon.colcon_core.environment:checking '/home/helloosy/250805/2025-kookmin-contest/install/traffic_light' for CMake module files
[48.960s] Level 1:colcon.colcon_core.environment:checking '/home/helloosy/250805/2025-kookmin-contest/install/traffic_light' for CMake config files
[48.961s] Level 1:colcon.colcon_core.shell:create_environment_hook('traffic_light', 'cmake_prefix_path')
[48.961s] INFO:colcon.colcon_core.shell:Creating environment hook '/home/helloosy/250805/2025-kookmin-contest/install/traffic_light/share/traffic_light/hook/cmake_prefix_path.ps1'
[48.963s] INFO:colcon.colcon_core.shell:Creating environment descriptor '/home/helloosy/250805/2025-kookmin-contest/install/traffic_light/share/traffic_light/hook/cmake_prefix_path.dsv'
[48.963s] INFO:colcon.colcon_core.shell:Creating environment hook '/home/helloosy/250805/2025-kookmin-contest/install/traffic_light/share/traffic_light/hook/cmake_prefix_path.sh'
[48.964s] DEBUG:colcon.colcon_core.event_handler.log_command:Invoked command in '/home/helloosy/250805/2025-kookmin-contest/build/traffic_light' returned '0': CMAKE_PREFIX_PATH=${CMAKE_PREFIX_PATH}:/home/helloosy/hackathon_250712/install/usb_cam_250712:/home/helloosy/hackathon_250712/install/line_detection:/home/helloosy/ros2_ws/install/mjpeg_publisher:/home/helloosy/ros2_ws/install/apriltag_marker_publisher:/opt/ros/humble /usr/bin/cmake --install /home/helloosy/250805/2025-kookmin-contest/build/traffic_light
[48.965s] Level 1:colcon.colcon_core.environment:checking '/home/helloosy/250805/2025-kookmin-contest/install/traffic_light/lib'
[48.966s] Level 1:colcon.colcon_core.environment:checking '/home/helloosy/250805/2025-kookmin-contest/install/traffic_light/bin'
[48.966s] Level 1:colcon.colcon_core.environment:checking '/home/helloosy/250805/2025-kookmin-contest/install/traffic_light/lib/pkgconfig/traffic_light.pc'
[48.966s] Level 1:colcon.colcon_core.environment:checking '/home/helloosy/250805/2025-kookmin-contest/install/traffic_light/lib/python3.10/site-packages'
[48.966s] Level 1:colcon.colcon_core.environment:checking '/home/helloosy/250805/2025-kookmin-contest/install/traffic_light/bin'
[48.967s] INFO:colcon.colcon_core.shell:Creating package script '/home/helloosy/250805/2025-kookmin-contest/install/traffic_light/share/traffic_light/package.ps1'
[48.968s] INFO:colcon.colcon_core.shell:Creating package descriptor '/home/helloosy/250805/2025-kookmin-contest/install/traffic_light/share/traffic_light/package.dsv'
[48.970s] INFO:colcon.colcon_core.shell:Creating package script '/home/helloosy/250805/2025-kookmin-contest/install/traffic_light/share/traffic_light/package.sh'
[48.971s] INFO:colcon.colcon_core.shell:Creating package script '/home/helloosy/250805/2025-kookmin-contest/install/traffic_light/share/traffic_light/package.bash'
[48.971s] INFO:colcon.colcon_core.shell:Creating package script '/home/helloosy/250805/2025-kookmin-contest/install/traffic_light/share/traffic_light/package.zsh'
[48.972s] Level 1:colcon.colcon_core.environment:create_file_with_runtime_dependencies(/home/helloosy/250805/2025-kookmin-contest/install/traffic_light/share/colcon-core/packages/traffic_light)
[48.976s] Level 1:colcon.colcon_core.environment:create_environment_scripts_only(traffic_light)
[48.976s] Level 1:colcon.colcon_core.environment:checking '/home/helloosy/250805/2025-kookmin-contest/install/traffic_light' for CMake module files
[48.977s] Level 1:colcon.colcon_core.environment:checking '/home/helloosy/250805/2025-kookmin-contest/install/traffic_light' for CMake config files
[48.977s] Level 1:colcon.colcon_core.shell:create_environment_hook('traffic_light', 'cmake_prefix_path')
[48.978s] INFO:colcon.colcon_core.shell:Creating environment hook '/home/helloosy/250805/2025-kookmin-contest/install/traffic_light/share/traffic_light/hook/cmake_prefix_path.ps1'
[48.979s] INFO:colcon.colcon_core.shell:Creating environment descriptor '/home/helloosy/250805/2025-kookmin-contest/install/traffic_light/share/traffic_light/hook/cmake_prefix_path.dsv'
[48.979s] INFO:colcon.colcon_core.shell:Creating environment hook '/home/helloosy/250805/2025-kookmin-contest/install/traffic_light/share/traffic_light/hook/cmake_prefix_path.sh'
[48.980s] Level 1:colcon.colcon_core.environment:checking '/home/helloosy/250805/2025-kookmin-contest/install/traffic_light/lib'
[48.981s] Level 1:colcon.colcon_core.environment:checking '/home/helloosy/250805/2025-kookmin-contest/install/traffic_light/bin'
[48.981s] Level 1:colcon.colcon_core.environment:checking '/home/helloosy/250805/2025-kookmin-contest/install/traffic_light/lib/pkgconfig/traffic_light.pc'
[48.981s] Level 1:colcon.colcon_core.environment:checking '/home/helloosy/250805/2025-kookmin-contest/install/traffic_light/lib/python3.10/site-packages'
[48.981s] Level 1:colcon.colcon_core.environment:checking '/home/helloosy/250805/2025-kookmin-contest/install/traffic_light/bin'
[48.982s] INFO:colcon.colcon_core.shell:Creating package script '/home/helloosy/250805/2025-kookmin-contest/install/traffic_light/share/traffic_light/package.ps1'
[48.983s] INFO:colcon.colcon_core.shell:Creating package descriptor '/home/helloosy/250805/2025-kookmin-contest/install/traffic_light/share/traffic_light/package.dsv'
[48.984s] INFO:colcon.colcon_core.shell:Creating package script '/home/helloosy/250805/2025-kookmin-contest/install/traffic_light/share/traffic_light/package.sh'
[48.984s] INFO:colcon.colcon_core.shell:Creating package script '/home/helloosy/250805/2025-kookmin-contest/install/traffic_light/share/traffic_light/package.bash'
[48.985s] INFO:colcon.colcon_core.shell:Creating package script '/home/helloosy/250805/2025-kookmin-contest/install/traffic_light/share/traffic_light/package.zsh'
[48.986s] Level 1:colcon.colcon_core.environment:create_file_with_runtime_dependencies(/home/helloosy/250805/2025-kookmin-contest/install/traffic_light/share/colcon-core/packages/traffic_light)
[49.793s] DEBUG:colcon.colcon_core.event_handler.log_command:Invoked command in '/home/helloosy/250805/2025-kookmin-contest/build/object_detection' returned '0': CMAKE_PREFIX_PATH=${CMAKE_PREFIX_PATH}:/home/helloosy/hackathon_250712/install/usb_cam_250712:/home/helloosy/hackathon_250712/install/line_detection:/home/helloosy/ros2_ws/install/mjpeg_publisher:/home/helloosy/ros2_ws/install/apriltag_marker_publisher:/opt/ros/humble /usr/bin/cmake --build /home/helloosy/250805/2025-kookmin-contest/build/object_detection -- -j8 -l8
[49.796s] DEBUG:colcon.colcon_core.event_handler.log_command:Invoking command in '/home/helloosy/250805/2025-kookmin-contest/build/object_detection': CMAKE_PREFIX_PATH=${CMAKE_PREFIX_PATH}:/home/helloosy/hackathon_250712/install/usb_cam_250712:/home/helloosy/hackathon_250712/install/line_detection:/home/helloosy/ros2_ws/install/mjpeg_publisher:/home/helloosy/ros2_ws/install/apriltag_marker_publisher:/opt/ros/humble /usr/bin/cmake --install /home/helloosy/250805/2025-kookmin-contest/build/object_detection
[49.825s] Level 1:colcon.colcon_core.environment:create_environment_scripts_only(object_detection)
[49.825s] Level 1:colcon.colcon_core.environment:checking '/home/helloosy/250805/2025-kookmin-contest/install/object_detection' for CMake module files
[49.826s] DEBUG:colcon.colcon_core.event_handler.log_command:Invoked command in '/home/helloosy/250805/2025-kookmin-contest/build/object_detection' returned '0': CMAKE_PREFIX_PATH=${CMAKE_PREFIX_PATH}:/home/helloosy/hackathon_250712/install/usb_cam_250712:/home/helloosy/hackathon_250712/install/line_detection:/home/helloosy/ros2_ws/install/mjpeg_publisher:/home/helloosy/ros2_ws/install/apriltag_marker_publisher:/opt/ros/humble /usr/bin/cmake --install /home/helloosy/250805/2025-kookmin-contest/build/object_detection
[49.826s] Level 1:colcon.colcon_core.environment:checking '/home/helloosy/250805/2025-kookmin-contest/install/object_detection' for CMake config files
[49.826s] Level 1:colcon.colcon_core.shell:create_environment_hook('object_detection', 'cmake_prefix_path')
[49.827s] INFO:colcon.colcon_core.shell:Creating environment hook '/home/helloosy/250805/2025-kookmin-contest/install/object_detection/share/object_detection/hook/cmake_prefix_path.ps1'
[49.828s] INFO:colcon.colcon_core.shell:Creating environment descriptor '/home/helloosy/250805/2025-kookmin-contest/install/object_detection/share/object_detection/hook/cmake_prefix_path.dsv'
[49.829s] INFO:colcon.colcon_core.shell:Creating environment hook '/home/helloosy/250805/2025-kookmin-contest/install/object_detection/share/object_detection/hook/cmake_prefix_path.sh'
[49.829s] Level 1:colcon.colcon_core.environment:checking '/home/helloosy/250805/2025-kookmin-contest/install/object_detection/lib'
[49.829s] Level 1:colcon.colcon_core.environment:checking '/home/helloosy/250805/2025-kookmin-contest/install/object_detection/bin'
[49.829s] Level 1:colcon.colcon_core.environment:checking '/home/helloosy/250805/2025-kookmin-contest/install/object_detection/lib/pkgconfig/object_detection.pc'
[49.830s] Level 1:colcon.colcon_core.environment:checking '/home/helloosy/250805/2025-kookmin-contest/install/object_detection/lib/python3.10/site-packages'
[49.830s] Level 1:colcon.colcon_core.environment:checking '/home/helloosy/250805/2025-kookmin-contest/install/object_detection/bin'
[49.830s] INFO:colcon.colcon_core.shell:Creating package script '/home/helloosy/250805/2025-kookmin-contest/install/object_detection/share/object_detection/package.ps1'
[49.831s] INFO:colcon.colcon_core.shell:Creating package descriptor '/home/helloosy/250805/2025-kookmin-contest/install/object_detection/share/object_detection/package.dsv'
[49.831s] INFO:colcon.colcon_core.shell:Creating package script '/home/helloosy/250805/2025-kookmin-contest/install/object_detection/share/object_detection/package.sh'
[49.832s] INFO:colcon.colcon_core.shell:Creating package script '/home/helloosy/250805/2025-kookmin-contest/install/object_detection/share/object_detection/package.bash'
[49.832s] INFO:colcon.colcon_core.shell:Creating package script '/home/helloosy/250805/2025-kookmin-contest/install/object_detection/share/object_detection/package.zsh'
[49.833s] Level 1:colcon.colcon_core.environment:create_file_with_runtime_dependencies(/home/helloosy/250805/2025-kookmin-contest/install/object_detection/share/colcon-core/packages/object_detection)
[49.835s] Level 1:colcon.colcon_core.environment:create_environment_scripts_only(object_detection)
[49.835s] Level 1:colcon.colcon_core.environment:checking '/home/helloosy/250805/2025-kookmin-contest/install/object_detection' for CMake module files
[49.836s] Level 1:colcon.colcon_core.environment:checking '/home/helloosy/250805/2025-kookmin-contest/install/object_detection' for CMake config files
[49.837s] Level 1:colcon.colcon_core.shell:create_environment_hook('object_detection', 'cmake_prefix_path')
[49.837s] INFO:colcon.colcon_core.shell:Creating environment hook '/home/helloosy/250805/2025-kookmin-contest/install/object_detection/share/object_detection/hook/cmake_prefix_path.ps1'
[49.838s] INFO:colcon.colcon_core.shell:Creating environment descriptor '/home/helloosy/250805/2025-kookmin-contest/install/object_detection/share/object_detection/hook/cmake_prefix_path.dsv'
[49.838s] INFO:colcon.colcon_core.shell:Creating environment hook '/home/helloosy/250805/2025-kookmin-contest/install/object_detection/share/object_detection/hook/cmake_prefix_path.sh'
[49.839s] Level 1:colcon.colcon_core.environment:checking '/home/helloosy/250805/2025-kookmin-contest/install/object_detection/lib'
[49.840s] Level 1:colcon.colcon_core.environment:checking '/home/helloosy/250805/2025-kookmin-contest/install/object_detection/bin'
[49.840s] Level 1:colcon.colcon_core.environment:checking '/home/helloosy/250805/2025-kookmin-contest/install/object_detection/lib/pkgconfig/object_detection.pc'
[49.840s] Level 1:colcon.colcon_core.environment:checking '/home/helloosy/250805/2025-kookmin-contest/install/object_detection/lib/python3.10/site-packages'
[49.840s] Level 1:colcon.colcon_core.environment:checking '/home/helloosy/250805/2025-kookmin-contest/install/object_detection/bin'
[49.841s] INFO:colcon.colcon_core.shell:Creating package script '/home/helloosy/250805/2025-kookmin-contest/install/object_detection/share/object_detection/package.ps1'
[49.841s] INFO:colcon.colcon_core.shell:Creating package descriptor '/home/helloosy/250805/2025-kookmin-contest/install/object_detection/share/object_detection/package.dsv'
[49.842s] INFO:colcon.colcon_core.shell:Creating package script '/home/helloosy/250805/2025-kookmin-contest/install/object_detection/share/object_detection/package.sh'
[49.842s] INFO:colcon.colcon_core.shell:Creating package script '/home/helloosy/250805/2025-kookmin-contest/install/object_detection/share/object_detection/package.bash'
[49.844s] INFO:colcon.colcon_core.shell:Creating package script '/home/helloosy/250805/2025-kookmin-contest/install/object_detection/share/object_detection/package.zsh'
[49.845s] Level 1:colcon.colcon_core.environment:create_file_with_runtime_dependencies(/home/helloosy/250805/2025-kookmin-contest/install/object_detection/share/colcon-core/packages/object_detection)
[52.791s] DEBUG:colcon.colcon_core.event_handler.log_command:Invoked command in '/home/helloosy/250805/2025-kookmin-contest/build/sensors_viewer' returned '0': CMAKE_PREFIX_PATH=${CMAKE_PREFIX_PATH}:/home/helloosy/hackathon_250712/install/usb_cam_250712:/home/helloosy/hackathon_250712/install/line_detection:/home/helloosy/ros2_ws/install/mjpeg_publisher:/home/helloosy/ros2_ws/install/apriltag_marker_publisher:/opt/ros/humble /usr/bin/cmake --build /home/helloosy/250805/2025-kookmin-contest/build/sensors_viewer -- -j8 -l8
[52.793s] DEBUG:colcon.colcon_core.event_handler.log_command:Invoking command in '/home/helloosy/250805/2025-kookmin-contest/build/sensors_viewer': CMAKE_PREFIX_PATH=${CMAKE_PREFIX_PATH}:/home/helloosy/hackathon_250712/install/usb_cam_250712:/home/helloosy/hackathon_250712/install/line_detection:/home/helloosy/ros2_ws/install/mjpeg_publisher:/home/helloosy/ros2_ws/install/apriltag_marker_publisher:/opt/ros/humble /usr/bin/cmake --install /home/helloosy/250805/2025-kookmin-contest/build/sensors_viewer
[52.816s] Level 1:colcon.colcon_core.environment:create_environment_scripts_only(sensors_viewer)
[52.816s] Level 1:colcon.colcon_core.environment:checking '/home/helloosy/250805/2025-kookmin-contest/install/sensors_viewer' for CMake module files
[52.817s] DEBUG:colcon.colcon_core.event_handler.log_command:Invoked command in '/home/helloosy/250805/2025-kookmin-contest/build/sensors_viewer' returned '0': CMAKE_PREFIX_PATH=${CMAKE_PREFIX_PATH}:/home/helloosy/hackathon_250712/install/usb_cam_250712:/home/helloosy/hackathon_250712/install/line_detection:/home/helloosy/ros2_ws/install/mjpeg_publisher:/home/helloosy/ros2_ws/install/apriltag_marker_publisher:/opt/ros/humble /usr/bin/cmake --install /home/helloosy/250805/2025-kookmin-contest/build/sensors_viewer
[52.817s] Level 1:colcon.colcon_core.environment:checking '/home/helloosy/250805/2025-kookmin-contest/install/sensors_viewer' for CMake config files
[52.817s] Level 1:colcon.colcon_core.shell:create_environment_hook('sensors_viewer', 'cmake_prefix_path')
[52.818s] INFO:colcon.colcon_core.shell:Creating environment hook '/home/helloosy/250805/2025-kookmin-contest/install/sensors_viewer/share/sensors_viewer/hook/cmake_prefix_path.ps1'
[52.818s] INFO:colcon.colcon_core.shell:Creating environment descriptor '/home/helloosy/250805/2025-kookmin-contest/install/sensors_viewer/share/sensors_viewer/hook/cmake_prefix_path.dsv'
[52.819s] INFO:colcon.colcon_core.shell:Creating environment hook '/home/helloosy/250805/2025-kookmin-contest/install/sensors_viewer/share/sensors_viewer/hook/cmake_prefix_path.sh'
[52.819s] Level 1:colcon.colcon_core.environment:checking '/home/helloosy/250805/2025-kookmin-contest/install/sensors_viewer/lib'
[52.819s] Level 1:colcon.colcon_core.environment:checking '/home/helloosy/250805/2025-kookmin-contest/install/sensors_viewer/bin'
[52.819s] Level 1:colcon.colcon_core.environment:checking '/home/helloosy/250805/2025-kookmin-contest/install/sensors_viewer/lib/pkgconfig/sensors_viewer.pc'
[52.820s] Level 1:colcon.colcon_core.environment:checking '/home/helloosy/250805/2025-kookmin-contest/install/sensors_viewer/lib/python3.10/site-packages'
[52.820s] Level 1:colcon.colcon_core.environment:checking '/home/helloosy/250805/2025-kookmin-contest/install/sensors_viewer/bin'
[52.820s] INFO:colcon.colcon_core.shell:Creating package script '/home/helloosy/250805/2025-kookmin-contest/install/sensors_viewer/share/sensors_viewer/package.ps1'
[52.820s] INFO:colcon.colcon_core.shell:Creating package descriptor '/home/helloosy/250805/2025-kookmin-contest/install/sensors_viewer/share/sensors_viewer/package.dsv'
[52.821s] INFO:colcon.colcon_core.shell:Creating package script '/home/helloosy/250805/2025-kookmin-contest/install/sensors_viewer/share/sensors_viewer/package.sh'
[52.821s] INFO:colcon.colcon_core.shell:Creating package script '/home/helloosy/250805/2025-kookmin-contest/install/sensors_viewer/share/sensors_viewer/package.bash'
[52.821s] INFO:colcon.colcon_core.shell:Creating package script '/home/helloosy/250805/2025-kookmin-contest/install/sensors_viewer/share/sensors_viewer/package.zsh'
[52.822s] Level 1:colcon.colcon_core.environment:create_file_with_runtime_dependencies(/home/helloosy/250805/2025-kookmin-contest/install/sensors_viewer/share/colcon-core/packages/sensors_viewer)
[52.823s] Level 1:colcon.colcon_core.environment:create_environment_scripts_only(sensors_viewer)
[52.823s] Level 1:colcon.colcon_core.environment:checking '/home/helloosy/250805/2025-kookmin-contest/install/sensors_viewer' for CMake module files
[52.823s] Level 1:colcon.colcon_core.environment:checking '/home/helloosy/250805/2025-kookmin-contest/install/sensors_viewer' for CMake config files
[52.823s] Level 1:colcon.colcon_core.shell:create_environment_hook('sensors_viewer', 'cmake_prefix_path')
[52.824s] INFO:colcon.colcon_core.shell:Creating environment hook '/home/helloosy/250805/2025-kookmin-contest/install/sensors_viewer/share/sensors_viewer/hook/cmake_prefix_path.ps1'
[52.824s] INFO:colcon.colcon_core.shell:Creating environment descriptor '/home/helloosy/250805/2025-kookmin-contest/install/sensors_viewer/share/sensors_viewer/hook/cmake_prefix_path.dsv'
[52.824s] INFO:colcon.colcon_core.shell:Creating environment hook '/home/helloosy/250805/2025-kookmin-contest/install/sensors_viewer/share/sensors_viewer/hook/cmake_prefix_path.sh'
[52.825s] Level 1:colcon.colcon_core.environment:checking '/home/helloosy/250805/2025-kookmin-contest/install/sensors_viewer/lib'
[52.825s] Level 1:colcon.colcon_core.environment:checking '/home/helloosy/250805/2025-kookmin-contest/install/sensors_viewer/bin'
[52.825s] Level 1:colcon.colcon_core.environment:checking '/home/helloosy/250805/2025-kookmin-contest/install/sensors_viewer/lib/pkgconfig/sensors_viewer.pc'
[52.825s] Level 1:colcon.colcon_core.environment:checking '/home/helloosy/250805/2025-kookmin-contest/install/sensors_viewer/lib/python3.10/site-packages'
[52.825s] Level 1:colcon.colcon_core.environment:checking '/home/helloosy/250805/2025-kookmin-contest/install/sensors_viewer/bin'
[52.826s] INFO:colcon.colcon_core.shell:Creating package script '/home/helloosy/250805/2025-kookmin-contest/install/sensors_viewer/share/sensors_viewer/package.ps1'
[52.826s] INFO:colcon.colcon_core.shell:Creating package descriptor '/home/helloosy/250805/2025-kookmin-contest/install/sensors_viewer/share/sensors_viewer/package.dsv'
[52.827s] INFO:colcon.colcon_core.shell:Creating package script '/home/helloosy/250805/2025-kookmin-contest/install/sensors_viewer/share/sensors_viewer/package.sh'
[52.827s] INFO:colcon.colcon_core.shell:Creating package script '/home/helloosy/250805/2025-kookmin-contest/install/sensors_viewer/share/sensors_viewer/package.bash'
[52.827s] INFO:colcon.colcon_core.shell:Creating package script '/home/helloosy/250805/2025-kookmin-contest/install/sensors_viewer/share/sensors_viewer/package.zsh'
[52.828s] Level 1:colcon.colcon_core.environment:create_file_with_runtime_dependencies(/home/helloosy/250805/2025-kookmin-contest/install/sensors_viewer/share/colcon-core/packages/sensors_viewer)
[52.828s] DEBUG:colcon.colcon_parallel_executor.executor.parallel:closing loop
[52.828s] DEBUG:colcon.colcon_parallel_executor.executor.parallel:loop closed
[52.829s] DEBUG:colcon.colcon_parallel_executor.executor.parallel:run_until_complete finished with '0'
[52.829s] DEBUG:colcon.colcon_core.event_reactor:joining thread
[52.878s] INFO:colcon.colcon_core.plugin_system:Skipping extension 'colcon_notification.desktop_notification.notify_send': Could not find 'notify-send'
[52.879s] INFO:colcon.colcon_core.plugin_system:Skipping extension 'colcon_notification.desktop_notification.terminal_notifier': Not used on non-Darwin systems
[52.879s] INFO:colcon.colcon_core.plugin_system:Skipping extension 'colcon_notification.desktop_notification.win32': Not used on non-Windows systems
[52.879s] INFO:colcon.colcon_notification.desktop_notification:Sending desktop notification using 'notify2'
[52.879s] DEBUG:colcon.colcon_notification.desktop_notification.notify2:Failed to initialize notify2: org.freedesktop.DBus.Error.FileNotFound: Failed to connect to socket /run/user/1000/bus: No such file or directory
[52.879s] DEBUG:colcon.colcon_core.event_reactor:joined thread
[52.880s] INFO:colcon.colcon_core.shell:Creating prefix script '/home/helloosy/250805/2025-kookmin-contest/install/local_setup.ps1'
[52.883s] INFO:colcon.colcon_core.shell:Creating prefix util module '/home/helloosy/250805/2025-kookmin-contest/install/_local_setup_util_ps1.py'
[52.885s] INFO:colcon.colcon_core.shell:Creating prefix chain script '/home/helloosy/250805/2025-kookmin-contest/install/setup.ps1'
[52.887s] INFO:colcon.colcon_core.shell:Creating prefix script '/home/helloosy/250805/2025-kookmin-contest/install/local_setup.sh'
[52.888s] INFO:colcon.colcon_core.shell:Creating prefix util module '/home/helloosy/250805/2025-kookmin-contest/install/_local_setup_util_sh.py'
[52.889s] INFO:colcon.colcon_core.shell:Creating prefix chain script '/home/helloosy/250805/2025-kookmin-contest/install/setup.sh'
[52.890s] INFO:colcon.colcon_core.shell:Creating prefix script '/home/helloosy/250805/2025-kookmin-contest/install/local_setup.bash'
[52.891s] INFO:colcon.colcon_core.shell:Creating prefix chain script '/home/helloosy/250805/2025-kookmin-contest/install/setup.bash'
[52.892s] INFO:colcon.colcon_core.shell:Creating prefix script '/home/helloosy/250805/2025-kookmin-contest/install/local_setup.zsh'
[52.894s] INFO:colcon.colcon_core.shell:Creating prefix chain script '/home/helloosy/250805/2025-kookmin-contest/install/setup.zsh'
